{
	"definition": {
		"customCSS": ".[$FRAGMENT_CLASS$] {\n    .component-heading-over-menu-display {\n        padding-left: 8px;\n    }\n    .navbar-nav {\n        display: flex;\n    }\n    .clarity-menu-display-items .nav-link {\n        color: #acd5d5;\n    }\n    .portlet-navigation .nav-pills>li.active>a {\n        background-color: #419e9e;\n  }\n    .nav-pills .nav-link.active{\n        background-color: #ACD5D5;\n  }\n}",
		"fragmentStyle": {
			"backgroundFragmentImage": {
				"title": {
					"value": "header-background.svg"
				},
				"url": {
					"value": "/documents/d/guest/header-background-svg?imagePreview=1"
				}
			},
			"borderWidth": "0"
		},
		"indexed": true,
		"layout": {
		},
		"name": "Header"
	},
	"id": "7a30c51b-7af9-3f7b-af8c-be4055e0283d",
	"pageElements": [
		{
			"definition": {
				"fragmentStyle": {
					"borderWidth": "0",
					"paddingLeft": "6",
					"paddingRight": "6",
					"textColor": "colorBrandPrimaryLighten6"
				},
				"indexed": true,
				"layout": {
					"align": "Center",
					"contentDisplay": "FlexRow",
					"flexWrap": "Wrap",
					"justify": "SpaceBetween",
					"paddingLeft": 6,
					"paddingRight": 6,
					"widthType": "Fixed"
				},
				"name": "Inner Container"
			},
			"id": "2bfefe9e-fe71-7b5d-32a7-41c973880ab5",
			"pageElements": [
				{
					"definition": {
						"fragment": {
							"key": "BASIC_COMPONENT-image"
						},
						"fragmentConfig": {
							"imageSize": "w-0"
						},
						"fragmentFields": [
						],
						"fragmentStyle": {
							"height": "64px",
							"paddingTop": "2"
						},
						"indexed": true,
						"name": "Logo"
					},
					"id": "a69ac24a-19b9-704e-04d7-462e38a10a20",
					"type": "Fragment"
				},
				{
					"definition": {
						"fragmentStyle": {
							"borderWidth": "0",
							"paddingTop": "1"
						},
						"indexed": true,
						"layout": {
							"align": "Start",
							"contentDisplay": "FlexRow",
							"flexWrap": "Wrap"
						},
						"name": "Elements"
					},
					"id": "692625f7-0322-ceeb-fe61-eb3065d8daaa",
					"pageElements": [
						{
							"definition": {
								"fragmentStyle": {
									"borderWidth": "0",
									"fontWeight": "fontWeightBolder",
									"marginLeft": "4",
									"paddingTop": "2",
									"textColor": "colorNeutral7"
								},
								"indexed": true,
								"layout": {
									"marginLeft": 2
								},
								"name": "Menu"
							},
							"id": "4a0ce4b6-e577-19c0-82fd-89d14213bee1",
							"pageElements": [
								{
									"definition": {
										"cssClasses": [
											"clarity-horizontal-nav",
											"clarity-menu-display-items"
										],
										"widgetInstance": {
											"widgetConfig": {
												"displayDepth": "0",
												"displayStyle": "ddmTemplate_NAVBAR-BLANK-FTL",
												"displayStyleGroupId": "20119",
												"expandedLevels": "auto",
												"rootMenuItemLevel": "0",
												"rootMenuItemType": "absolute",
												"siteNavigationMenuId": "35976",
												"siteNavigationMenuType": "-1"
											},
											"widgetName": "com_liferay_site_navigation_menu_web_portlet_SiteNavigationMenuPortlet"
										}
									},
									"id": "98c97250-1daf-d966-bbbe-6cebcfd1f5e7",
									"type": "Widget"
								}
							],
							"type": "Section"
						}
					],
					"type": "Section"
				}
			],
			"type": "Section"
		}
	],
	"type": "Section"
}