{"definition":{"indexed":true,"layout":{},"name":"Contact Us Composition"},"id":"23cf55ad-b6ac-3e57-71b0-11fa3ed2cc92","pageElements":[{"definition":{"indexed":true,"layout":{"align":"Center","contentDisplay":"FlexColumn"},"name":"Inner Container"},"id":"cffde993-30d7-73bc-bc19-69340651a90c","pageElements":[{"definition":{"fragmentStyle":{"borderColor":"#DCDFDF","borderRadius":"10px","borderWidth":"1px","marginBottom":"5rem","marginTop":"2.5rem","maxWidth":"600px","paddingBottom":"2rem","paddingLeft":"2rem","paddingRight":"2rem","paddingTop":"2rem"},"indexed":true,"layout":{"borderColor":"#DCDFDF"},"name":"Form"},"id":"e76cc76c-c263-2476-1261-07ee0c60b4d8","pageElements":[{"definition":{"cssClasses":["outer-container"],"fragmentStyle":{"backgroundColor":"","paddingBottom":"2rem"},"indexed":true,"layout":{"align":"Start","contentDisplay":"FlexColumn"},"name":"Header"},"id":"b35b405e-d7a0-0fe1-9459-593e77b5d798","pageElements":[{"definition":{"fragment":{"key":"BASIC_COMPONENT-heading"},"fragmentConfig":{"headingLevel":"h3"},"fragmentFields":[],"fragmentStyle":{"textColor":"#0E4545"},"indexed":true},"id":"367d876d-32be-6a63-f554-0e29a13ea9bb","type":"Fragment"},{"definition":{"fragment":{"key":"BASIC_COMPONENT-paragraph"},"fragmentConfig":{},"fragmentFields":[],"fragmentStyle":{"fontWeight":"fontWeightLighter","textColor":"#0E4545"},"indexed":true},"id":"a1f6c538-3749-a3ff-9751-3ca8701ec544","type":"Fragment"}],"type":"Section"},{"definition":{"formConfig":{"formReference":{"className":"com.liferay.object.model.ObjectDefinition#31743","classType":0}},"indexed":true,"layout":{}},"id":"65c7fd98-3db6-7f0d-d9ef-4b36e64ee53c","pageElements":[{"definition":{"fragment":{"key":"INPUTS-text-input"},"fragmentConfig":{"showCharactersCount":false,"placeholder":"","inputFieldId":"ObjectField_name"},"fragmentFields":[],"fragmentStyle":{"textColor":"#1F2E2E"},"indexed":true},"id":"e5e2311a-33eb-d784-0d1a-df2794dd8485","type":"Fragment"},{"definition":{"fragment":{"key":"INPUTS-text-input"},"fragmentConfig":{"showCharactersCount":false,"placeholder":"","inputFieldId":"ObjectField_emailAddress"},"fragmentFields":[],"fragmentStyle":{"textColor":"#1F2E2E"},"indexed":true},"id":"8aac8132-8acc-acf7-0211-9524e333a9c2","type":"Fragment"},{"definition":{"fragment":{"key":"INPUTS-text-input"},"fragmentConfig":{"showCharactersCount":false,"placeholder":"","inputFieldId":"ObjectField_phone"},"fragmentFields":[],"fragmentStyle":{"textColor":"#1F2E2E"},"indexed":true},"id":"c1ae3f9b-e7f4-6ee1-9dce-88c53e564518","type":"Fragment"},{"definition":{"fragment":{"key":"INPUTS-textarea"},"fragmentConfig":{"showCharactersCount":false,"numberOfLines":5,"placeholder":"","inputFieldId":"ObjectField_comment"},"fragmentFields":[],"fragmentStyle":{"textColor":"#1F2E2E"},"indexed":true},"id":"b8d4efc2-33c0-9dbf-85dc-7659cee50526","type":"Fragment"},{"definition":{"fragment":{"key":"INPUTS-submit-button"},"fragmentConfig":{"buttonType":"outline-secondary","submittedEntryStatus":"approved","buttonSize":"nm"},"fragmentFields":[],"fragmentStyle":{"paddingTop":"5","textColor":"#1F2E2E"},"indexed":true},"id":"7204debf-2114-6d13-4814-7f822a4cf939","type":"Fragment"}],"type":"Form"}],"type":"Section"}],"type":"Section"},{"definition":{"fragmentStyle":{"backgroundColor":"#F4F9F9","paddingLeft":"9","paddingRight":"9"},"gutters":true,"indexed":true,"modulesPerRow":3,"name":"Offices","numberOfColumns":3,"reverseOrder":false,"rowViewports":[{"id":"landscapeMobile","rowViewportDefinition":{"modulesPerRow":1}},{"id":"portraitMobile","rowViewportDefinition":{}},{"id":"tablet","rowViewportDefinition":{}}],"verticalAlignment":"middle"},"id":"321178a5-a862-7b5f-31b1-c9efa6f996f7","pageElements":[{"definition":{"columnViewports":[{"columnViewportDefinition":{"size":12},"id":"landscapeMobile"},{"columnViewportDefinition":{},"id":"portraitMobile"},{"columnViewportDefinition":{},"id":"tablet"}],"size":4},"id":"60dde9ec-01cb-9430-9c0e-589360451a2c","pageElements":[{"definition":{"fragmentStyle":{"marginBottom":"3","marginTop":"4"},"gutters":false,"indexed":true,"modulesPerRow":2,"numberOfColumns":2,"reverseOrder":false,"rowViewports":[{"id":"landscapeMobile","rowViewportDefinition":{"modulesPerRow":1}},{"id":"portraitMobile","rowViewportDefinition":{}},{"id":"tablet","rowViewportDefinition":{}}],"verticalAlignment":"top"},"id":"39eb3202-d619-2aaa-409a-551f4a1a0a35","pageElements":[{"definition":{"columnViewports":[{"columnViewportDefinition":{"size":12},"id":"landscapeMobile"},{"columnViewportDefinition":{},"id":"portraitMobile"},{"columnViewportDefinition":{},"id":"tablet"}],"size":2},"id":"944469d4-b0a3-a3d6-3ddf-2b8eb6c56c1b","pageElements":[{"definition":{"fragment":{"key":"BASIC_COMPONENT-image"},"fragmentConfig":{"imageSize":"w-0"},"fragmentFields":[],"fragmentStyle":{"paddingRight":"1","textAlign":"right"},"indexed":true},"id":"1574b1fa-8c41-a376-6a80-c50ce7e37c81","type":"Fragment"}],"type":"Column"},{"definition":{"columnViewports":[{"columnViewportDefinition":{"size":12},"id":"landscapeMobile"},{"columnViewportDefinition":{},"id":"portraitMobile"},{"columnViewportDefinition":{},"id":"tablet"}],"size":10},"id":"31f70a0e-c543-245d-e219-eb035003fe5d","pageElements":[{"definition":{"fragment":{"key":"BASIC_COMPONENT-heading"},"fragmentConfig":{"headingLevel":"h5"},"fragmentFields":[],"fragmentStyle":{"textColor":"#0E4545"},"indexed":true},"id":"a0217261-b011-4852-2166-5a058e126498","type":"Fragment"},{"definition":{"fragment":{"key":"BASIC_COMPONENT-paragraph"},"fragmentConfig":{},"fragmentFields":[],"fragmentStyle":{"fontSize":"0.875rem","paddingTop":"3","textColor":"#135C5C"},"indexed":true},"id":"d25362d9-d8fb-7e75-ffae-3995e05dab8e","type":"Fragment"}],"type":"Column"}],"type":"Row"}],"type":"Column"},{"definition":{"columnViewports":[{"columnViewportDefinition":{"size":12},"id":"landscapeMobile"},{"columnViewportDefinition":{},"id":"portraitMobile"},{"columnViewportDefinition":{},"id":"tablet"}],"size":4},"id":"4ab1395e-49f2-1a32-e530-bd12c0be7384","pageElements":[{"definition":{"fragmentStyle":{"marginBottom":"3","marginTop":"4"},"gutters":false,"indexed":true,"modulesPerRow":2,"numberOfColumns":2,"reverseOrder":false,"rowViewports":[{"id":"landscapeMobile","rowViewportDefinition":{"modulesPerRow":1}},{"id":"portraitMobile","rowViewportDefinition":{}},{"id":"tablet","rowViewportDefinition":{}}],"verticalAlignment":"top"},"id":"e0551ddd-60a3-65ec-508c-2480fb0c3c23","pageElements":[{"definition":{"columnViewports":[{"columnViewportDefinition":{"size":12},"id":"landscapeMobile"},{"columnViewportDefinition":{},"id":"portraitMobile"},{"columnViewportDefinition":{},"id":"tablet"}],"size":2},"id":"46ae448e-0acd-74c9-27c0-a6714058dbc0","pageElements":[{"definition":{"fragment":{"key":"BASIC_COMPONENT-image"},"fragmentConfig":{"imageSize":"w-0"},"fragmentFields":[],"fragmentStyle":{"paddingRight":"1","textAlign":"right"},"indexed":true},"id":"12ab3932-cf7d-9369-55cb-532cc109625c","type":"Fragment"}],"type":"Column"},{"definition":{"columnViewports":[{"columnViewportDefinition":{"size":12},"id":"landscapeMobile"},{"columnViewportDefinition":{},"id":"portraitMobile"},{"columnViewportDefinition":{},"id":"tablet"}],"size":10},"id":"79bca921-e538-20df-5933-fe605ab3f040","pageElements":[{"definition":{"fragment":{"key":"BASIC_COMPONENT-heading"},"fragmentConfig":{"headingLevel":"h5"},"fragmentFields":[],"fragmentStyle":{"textColor":"#0E4545"},"indexed":true},"id":"4b21a2cc-b72c-e584-bff0-72d00020f0a4","type":"Fragment"},{"definition":{"fragment":{"key":"BASIC_COMPONENT-paragraph"},"fragmentConfig":{},"fragmentFields":[],"fragmentStyle":{"fontSize":"0.875rem","paddingTop":"3","textColor":"#135C5C"},"indexed":true},"id":"3e64cf23-67fa-76d9-06f8-4243f5ccbfb9","type":"Fragment"}],"type":"Column"}],"type":"Row"}],"type":"Column"},{"definition":{"columnViewports":[{"columnViewportDefinition":{"size":12},"id":"landscapeMobile"},{"columnViewportDefinition":{},"id":"portraitMobile"},{"columnViewportDefinition":{},"id":"tablet"}],"size":4},"id":"bd803b61-3361-f6ad-0e63-a946a38d377f","pageElements":[{"definition":{"fragmentStyle":{"marginBottom":"3","marginTop":"4"},"gutters":false,"indexed":true,"modulesPerRow":2,"numberOfColumns":2,"reverseOrder":false,"rowViewports":[{"id":"landscapeMobile","rowViewportDefinition":{"modulesPerRow":1}},{"id":"portraitMobile","rowViewportDefinition":{}},{"id":"tablet","rowViewportDefinition":{}}],"verticalAlignment":"top"},"id":"02eda0fb-726e-179d-d8fe-d8ee2e704559","pageElements":[{"definition":{"columnViewports":[{"columnViewportDefinition":{"size":12},"id":"landscapeMobile"},{"columnViewportDefinition":{},"id":"portraitMobile"},{"columnViewportDefinition":{},"id":"tablet"}],"size":2},"id":"98e744a8-d29d-362d-3237-b75024a0fd6e","pageElements":[{"definition":{"fragment":{"key":"BASIC_COMPONENT-image"},"fragmentConfig":{"imageSize":"w-0"},"fragmentFields":[],"fragmentStyle":{"paddingRight":"1","textAlign":"right"},"indexed":true},"id":"ef332db2-fc6b-1355-35a3-fd2dcf8cec03","type":"Fragment"}],"type":"Column"},{"definition":{"columnViewports":[{"columnViewportDefinition":{"size":12},"id":"landscapeMobile"},{"columnViewportDefinition":{},"id":"portraitMobile"},{"columnViewportDefinition":{},"id":"tablet"}],"size":10},"id":"4f5541b8-2306-9412-c407-477141c7be53","pageElements":[{"definition":{"fragment":{"key":"BASIC_COMPONENT-heading"},"fragmentConfig":{"headingLevel":"h5"},"fragmentFields":[],"fragmentStyle":{"textColor":"#0E4545"},"indexed":true},"id":"08471f33-b162-2bab-39d0-9ff428478fc0","type":"Fragment"},{"definition":{"fragment":{"key":"BASIC_COMPONENT-paragraph"},"fragmentConfig":{},"fragmentFields":[],"fragmentStyle":{"fontSize":"0.875rem","paddingTop":"3","textColor":"#135C5C"},"indexed":true},"id":"dfc3837f-476d-6ed8-5e6e-792549c5eefa","type":"Fragment"}],"type":"Column"}],"type":"Row"}],"type":"Column"}],"type":"Row"}],"type":"Section"}