{"definition":{"indexed":true,"layout":{},"name":"Contact Us Composition"},"id":"02eca11c-70b2-6a79-2781-32680ceaf293","pageElements":[{"definition":{"indexed":true,"layout":{"align":"Center","contentDisplay":"FlexColumn"},"name":"Inner Container"},"id":"5c7cf5f8-1a7b-5713-f726-8759e54d6c80","pageElements":[{"definition":{"fragmentStyle":{"borderColor":"#DCDFDF","borderRadius":"10px","borderWidth":"1px","marginBottom":"5rem","marginTop":"2.5rem","maxWidth":"600px","paddingBottom":"2rem","paddingLeft":"2rem","paddingRight":"2rem","paddingTop":"2rem"},"indexed":true,"layout":{"borderColor":"#DCDFDF"},"name":"Form"},"id":"951a552a-80d3-d5f4-eee3-c9a8792ea540","pageElements":[{"definition":{"cssClasses":["outer-container"],"fragmentStyle":{"backgroundColor":"","paddingBottom":"2rem"},"indexed":true,"layout":{"align":"Start","contentDisplay":"FlexColumn"},"name":"Header"},"id":"fa6a2400-bb51-a835-c1c3-e633a6f06322","pageElements":[{"definition":{"fragment":{"key":"BASIC_COMPONENT-heading"},"fragmentConfig":{"headingLevel":"h1"},"fragmentFields":[],"fragmentStyle":{"textColor":"#0E4545"},"indexed":true},"id":"4a1329e0-8949-d44e-02b4-a9e1b0f50f43","type":"Fragment"},{"definition":{"fragment":{"key":"BASIC_COMPONENT-paragraph"},"fragmentConfig":{},"fragmentFields":[],"fragmentStyle":{"fontWeight":"fontWeightLighter","paddingTop":"2","textColor":"#0E4545"},"indexed":true},"id":"87fd6596-51c6-9f74-a4e3-ed983d703ffb","type":"Fragment"}],"type":"Section"},{"definition":{"formConfig":{"formReference":{"className":"com.liferay.object.model.ObjectDefinition#32097","classType":0}},"indexed":true,"layout":{}},"id":"aea9fa3c-dcd0-a079-e141-bbacdb7f19a5","pageElements":[{"definition":{"fragment":{"key":"INPUTS-text-input"},"fragmentConfig":{"showCharactersCount":false,"placeholder":"","inputFieldId":"ObjectField_name"},"fragmentFields":[],"indexed":true},"id":"82ca809d-436c-5732-54a7-558450c36d6f","type":"Fragment"},{"definition":{"fragment":{"key":"INPUTS-text-input"},"fragmentConfig":{"showCharactersCount":false,"placeholder":"","inputFieldId":"ObjectField_emailAddress"},"fragmentFields":[],"indexed":true},"id":"45437829-164f-8d1b-d1ab-ef59749b337c","type":"Fragment"},{"definition":{"fragment":{"key":"INPUTS-text-input"},"fragmentConfig":{"showCharactersCount":false,"placeholder":"","inputFieldId":"ObjectField_phone"},"fragmentFields":[],"indexed":true},"id":"6b3fb58f-c706-34ee-2d2d-ac09e8d66d38","type":"Fragment"},{"definition":{"fragment":{"key":"INPUTS-textarea"},"fragmentConfig":{"showCharactersCount":false,"numberOfLines":5,"placeholder":"","inputFieldId":"ObjectField_comment"},"fragmentFields":[],"indexed":true},"id":"82d8cc8c-d335-a392-1cc2-b07b2a0b3164","type":"Fragment"},{"definition":{"fragment":{"key":"INPUTS-submit-button"},"fragmentConfig":{"buttonType":"outline-secondary","submittedEntryStatus":"approved","buttonSize":"nm"},"fragmentFields":[],"fragmentStyle":{"paddingTop":"5"},"indexed":true},"id":"dfacec86-1f88-e894-8abe-7aa3f8c73d82","type":"Fragment"}],"type":"Form"}],"type":"Section"}],"type":"Section"},{"definition":{"fragmentStyle":{"backgroundColor":"#F4F9F9","paddingLeft":"9","paddingRight":"9"},"gutters":true,"indexed":true,"modulesPerRow":3,"name":"Offices","numberOfColumns":3,"reverseOrder":false,"rowViewports":[{"id":"landscapeMobile","rowViewportDefinition":{"modulesPerRow":1}},{"id":"portraitMobile","rowViewportDefinition":{}},{"id":"tablet","rowViewportDefinition":{}}],"verticalAlignment":"middle"},"id":"372ab70d-5d37-b696-43f6-d192fbbbc149","pageElements":[{"definition":{"columnViewports":[{"columnViewportDefinition":{"size":12},"id":"landscapeMobile"},{"columnViewportDefinition":{},"id":"portraitMobile"},{"columnViewportDefinition":{},"id":"tablet"}],"size":4},"id":"d0deaa81-6934-89dc-c303-35bde91c6580","pageElements":[{"definition":{"fragmentStyle":{"marginBottom":"3","marginTop":"4"},"gutters":false,"indexed":true,"modulesPerRow":2,"numberOfColumns":2,"reverseOrder":false,"rowViewports":[{"id":"landscapeMobile","rowViewportDefinition":{"modulesPerRow":1}},{"id":"portraitMobile","rowViewportDefinition":{}},{"id":"tablet","rowViewportDefinition":{}}],"verticalAlignment":"top"},"id":"0a916f89-6d7b-5ce5-296c-e6032371097c","pageElements":[{"definition":{"columnViewports":[{"columnViewportDefinition":{"size":12},"id":"landscapeMobile"},{"columnViewportDefinition":{},"id":"portraitMobile"},{"columnViewportDefinition":{},"id":"tablet"}],"size":2},"id":"8918e340-da3b-a5e3-e3df-1c562eaa1b64","pageElements":[{"definition":{"fragment":{"key":"BASIC_COMPONENT-image"},"fragmentConfig":{"imageSize":"w-0"},"fragmentFields":[],"fragmentStyle":{"paddingRight":"1","textAlign":"right"},"indexed":true},"id":"8406e133-4293-f463-50fb-4bb442524afb","type":"Fragment"}],"type":"Column"},{"definition":{"columnViewports":[{"columnViewportDefinition":{"size":12},"id":"landscapeMobile"},{"columnViewportDefinition":{},"id":"portraitMobile"},{"columnViewportDefinition":{},"id":"tablet"}],"size":10},"id":"aec0dc28-c898-765b-cfdb-56cabf87f880","pageElements":[{"definition":{"fragment":{"key":"BASIC_COMPONENT-heading"},"fragmentConfig":{"headingLevel":"h5"},"fragmentFields":[],"fragmentStyle":{"textColor":"#0E4545"},"indexed":true},"id":"f75ac933-d18e-4b91-23b2-3e770f9f72fc","type":"Fragment"},{"definition":{"fragment":{"key":"BASIC_COMPONENT-paragraph"},"fragmentConfig":{},"fragmentFields":[],"fragmentStyle":{"fontSize":"0.875rem","paddingTop":"3","textColor":"#135C5C"},"indexed":true},"id":"7328d9f7-2b88-fa76-e923-5c9df0bf91f4","type":"Fragment"}],"type":"Column"}],"type":"Row"}],"type":"Column"},{"definition":{"columnViewports":[{"columnViewportDefinition":{"size":12},"id":"landscapeMobile"},{"columnViewportDefinition":{},"id":"portraitMobile"},{"columnViewportDefinition":{},"id":"tablet"}],"size":4},"id":"5ba15eca-19f7-d09c-7ac5-a686cedd3ea2","pageElements":[{"definition":{"fragmentStyle":{"marginBottom":"3","marginTop":"4"},"gutters":false,"indexed":true,"modulesPerRow":2,"numberOfColumns":2,"reverseOrder":false,"rowViewports":[{"id":"landscapeMobile","rowViewportDefinition":{"modulesPerRow":1}},{"id":"portraitMobile","rowViewportDefinition":{}},{"id":"tablet","rowViewportDefinition":{}}],"verticalAlignment":"top"},"id":"098793f5-2ab0-381b-b1af-9ef38aeaefaa","pageElements":[{"definition":{"columnViewports":[{"columnViewportDefinition":{"size":12},"id":"landscapeMobile"},{"columnViewportDefinition":{},"id":"portraitMobile"},{"columnViewportDefinition":{},"id":"tablet"}],"size":2},"id":"9b47907b-18c9-1df6-63a9-0e01d4521e04","pageElements":[{"definition":{"fragment":{"key":"BASIC_COMPONENT-image"},"fragmentConfig":{"imageSize":"w-0"},"fragmentFields":[],"fragmentStyle":{"paddingRight":"1","textAlign":"right"},"indexed":true},"id":"bba656f5-6d16-3bf5-d1f1-d918148f6d33","type":"Fragment"}],"type":"Column"},{"definition":{"columnViewports":[{"columnViewportDefinition":{"size":12},"id":"landscapeMobile"},{"columnViewportDefinition":{},"id":"portraitMobile"},{"columnViewportDefinition":{},"id":"tablet"}],"size":10},"id":"e9cd1147-65fa-dc67-71f5-d38b5e9abaa1","pageElements":[{"definition":{"fragment":{"key":"BASIC_COMPONENT-heading"},"fragmentConfig":{"headingLevel":"h5"},"fragmentFields":[],"fragmentStyle":{"textColor":"#0E4545"},"indexed":true},"id":"9fe1fe53-4dfe-691d-27e0-8bd11eaff7b7","type":"Fragment"},{"definition":{"fragment":{"key":"BASIC_COMPONENT-paragraph"},"fragmentConfig":{},"fragmentFields":[],"fragmentStyle":{"fontSize":"0.875rem","paddingTop":"3","textColor":"#135C5C"},"indexed":true},"id":"ae558a9a-db0c-4135-f46d-1f65629586d6","type":"Fragment"}],"type":"Column"}],"type":"Row"}],"type":"Column"},{"definition":{"columnViewports":[{"columnViewportDefinition":{"size":12},"id":"landscapeMobile"},{"columnViewportDefinition":{},"id":"portraitMobile"},{"columnViewportDefinition":{},"id":"tablet"}],"size":4},"id":"f77202fa-9270-7cf8-6cc3-714fb00af617","pageElements":[{"definition":{"fragmentStyle":{"marginBottom":"3","marginTop":"4"},"gutters":false,"indexed":true,"modulesPerRow":2,"numberOfColumns":2,"reverseOrder":false,"rowViewports":[{"id":"landscapeMobile","rowViewportDefinition":{"modulesPerRow":1}},{"id":"portraitMobile","rowViewportDefinition":{}},{"id":"tablet","rowViewportDefinition":{}}],"verticalAlignment":"top"},"id":"5de197d6-46a4-b3c2-1454-8d67f683eda8","pageElements":[{"definition":{"columnViewports":[{"columnViewportDefinition":{"size":12},"id":"landscapeMobile"},{"columnViewportDefinition":{},"id":"portraitMobile"},{"columnViewportDefinition":{},"id":"tablet"}],"size":2},"id":"00e5b9a0-27be-511e-93f2-c09574f156e5","pageElements":[{"definition":{"fragment":{"key":"BASIC_COMPONENT-image"},"fragmentConfig":{"imageSize":"w-0"},"fragmentFields":[],"fragmentStyle":{"paddingRight":"1","textAlign":"right"},"indexed":true},"id":"f7c9009d-8bbb-8f5b-8001-3a9d106c8f6d","type":"Fragment"}],"type":"Column"},{"definition":{"columnViewports":[{"columnViewportDefinition":{"size":12},"id":"landscapeMobile"},{"columnViewportDefinition":{},"id":"portraitMobile"},{"columnViewportDefinition":{},"id":"tablet"}],"size":10},"id":"0c218fae-d32d-b7bb-bf51-823a024a145c","pageElements":[{"definition":{"fragment":{"key":"BASIC_COMPONENT-heading"},"fragmentConfig":{"headingLevel":"h5"},"fragmentFields":[],"fragmentStyle":{"textColor":"#0E4545"},"indexed":true},"id":"801eca1f-0ed1-e5db-cd71-071b7920736f","type":"Fragment"},{"definition":{"fragment":{"key":"BASIC_COMPONENT-paragraph"},"fragmentConfig":{},"fragmentFields":[],"fragmentStyle":{"fontSize":"0.875rem","paddingTop":"3","textColor":"#135C5C"},"indexed":true},"id":"f75555b8-0a62-04f3-8e5b-925cce6266f5","type":"Fragment"}],"type":"Column"}],"type":"Row"}],"type":"Column"}],"type":"Row"}],"type":"Section"}