{
  "pageElement" : {
    "pageElements" : [ {
      "definition" : {
        "fragmentStyle" : {
          "backgroundColor" : "#EEF1EE",
          "borderWidth" : "0",
          "overflow" : "visible"
        },
        "indexed" : true,
        "layout" : { },
        "name" : "Header Container"
      },
      "pageElements" : [ {
        "definition" : {
          "fragmentStyle" : {
            "borderWidth" : "0",
            "overflow" : "visible",
            "paddingBottom" : "2",
            "paddingTop" : "2"
          },
          "indexed" : true,
          "layout" : {
            "widthType" : "Fixed"
          },
          "name" : "Container"
        },
        "pageElements" : [ {
          "definition" : {
            "fragmentStyle" : {
              "minWidth" : "65%",
              "overflow" : "visible",
              "paddingBottom" : "3",
              "paddingTop" : "3"
            },
            "gutters" : false,
            "indexed" : true,
            "modulesPerRow" : 3,
            "numberOfColumns" : 3,
            "reverseOrder" : false,
            "rowViewports" : [ {
              "id" : "landscapeMobile",
              "rowViewportDefinition" : {
                "modulesPerRow" : 1
              }
            }, {
              "id" : "portraitMobile",
              "rowViewportDefinition" : { }
            }, {
              "id" : "tablet",
              "rowViewportDefinition" : { }
            } ],
            "verticalAlignment" : "middle"
          },
          "pageElements" : [ {
            "definition" : {
              "columnViewports" : [ {
                "columnViewportDefinition" : {
                  "size" : 12
                },
                "id" : "landscapeMobile"
              }, {
                "columnViewportDefinition" : { },
                "id" : "portraitMobile"
              }, {
                "columnViewportDefinition" : { },
                "id" : "tablet"
              } ],
              "size" : 4
            },
            "pageElements" : [ {
              "definition" : {
                "fragmentStyle" : {
                  "borderWidth" : "0"
                },
                "indexed" : true,
                "layout" : {
                  "align" : "Center",
                  "contentDisplay" : "FlexRow",
                  "flexWrap" : "Wrap"
                }
              },
              "pageElements" : [ {
                "definition" : {
                  "fragment" : {
                    "key" : "com.liferay.fragment.renderer.menu.display.internal.MenuDisplayFragmentRenderer"
                  },
                  "fragmentConfig" : {
                    "displayStyle" : "horizontal",
                    "selectedItemColor" : "var(--brand-color-2)",
                    "sublevels" : "-1",
                    "hoveredItemColor" : "var(--brand-color-1)",
                    "source" : ""
                  },
                  "fragmentFields" : [ ],
                  "fragmentStyle" : {
                    "fontSize" : "fontSizeBase",
                    "fontWeight" : "fontWeightNormal",
                    "paddingLeft" : "3"
                  },
                  "indexed" : true
                },
                "type" : "Fragment"
              } ],
              "type" : "Section"
            } ],
            "type" : "Column"
          }, {
            "definition" : {
              "columnViewports" : [ {
                "columnViewportDefinition" : {
                  "size" : 12
                },
                "id" : "landscapeMobile"
              }, {
                "columnViewportDefinition" : { },
                "id" : "portraitMobile"
              }, {
                "columnViewportDefinition" : { },
                "id" : "tablet"
              } ],
              "size" : 4
            },
            "pageElements" : [ {
              "definition" : {
                "fragmentStyle" : {
                  "borderWidth" : "0"
                },
                "fragmentViewports" : [ {
                  "fragmentViewportStyle" : {
                    "paddingBottom" : "3",
                    "paddingTop" : "3"
                  },
                  "id" : "landscapeMobile"
                } ],
                "indexed" : true,
                "layout" : {
                  "align" : "Center",
                  "contentDisplay" : "FlexColumn",
                  "justify" : "Center"
                }
              },
              "pageElements" : [ {
                "definition" : {
                  "fragment" : {
                    "key" : "BASIC_COMPONENT-image"
                  },
                  "fragmentConfig" : {
                    "imageSize" : "w-100"
                  },
                  "fragmentFields" : [ {
                    "id" : "image-square",
                    "value" : {
                      "fragmentImage" : {
                        "description" : {
                          "value_i18n" : {
                            "en_US" : ""
                          }
                        },
                        "url" : {
                          "value_i18n" : {
                            "en_US" : "/documents/d/guest/db-green-1w-svg?imagePreview=1"
                          }
                        }
                      },
                      "fragmentLink" : {
                        "value" : {
                          "href" : {
                            "value_i18n" : {
                              "en_US" : "/home"
                            }
                          }
                        }
                      }
                    }
                  } ],
                  "fragmentStyle" : {
                    "textAlign" : "center"
                  },
                  "indexed" : true
                },
                "type" : "Fragment"
              } ],
              "type" : "Section"
            } ],
            "type" : "Column"
          }, {
            "definition" : {
              "columnViewports" : [ {
                "columnViewportDefinition" : {
                  "size" : 12
                },
                "id" : "landscapeMobile"
              }, {
                "columnViewportDefinition" : { },
                "id" : "portraitMobile"
              }, {
                "columnViewportDefinition" : { },
                "id" : "tablet"
              } ],
              "size" : 4
            },
            "pageElements" : [ {
              "definition" : {
                "fragmentStyle" : {
                  "borderWidth" : "0",
                  "overflow" : "visible"
                },
                "fragmentViewports" : [ {
                  "fragmentViewportStyle" : {
                    "paddingLeft" : "1",
                    "paddingRight" : "1",
                    "textAlign" : "center"
                  },
                  "id" : "landscapeMobile"
                } ],
                "indexed" : true,
                "layout" : {
                  "align" : "Center",
                  "contentDisplay" : "FlexRow",
                  "flexWrap" : "Wrap",
                  "justify" : "End"
                }
              },
              "pageElements" : [ {
                "definition" : {
                  "fragmentStyle" : {
                    "maxWidth" : "70%",
                    "paddingRight" : "3",
                    "paddingTop" : "3"
                  },
                  "widgetInstance" : {
                    "widgetConfig" : { },
                    "widgetName" : "com_liferay_portal_search_web_portlet_SearchPortlet"
                  }
                },
                "type" : "Widget"
              }, {
                "definition" : {
                  "fragment" : {
                    "key" : "user-nav-dropdown",
                    "siteKey" : "Guest"
                  },
                  "fragmentConfig" : { },
                  "fragmentFields" : [ ],
                  "indexed" : true
                },
                "type" : "Fragment"
              } ],
              "type" : "Section"
            } ],
            "type" : "Column"
          } ],
          "type" : "Row"
        } ],
        "type" : "Section"
      }, {
        "definition" : {
          "fragment" : {
            "key" : "BASIC_COMPONENT-separator"
          },
          "fragmentConfig" : {
            "separatorColor" : "",
            "bottomSpacing" : "3"
          },
          "fragmentFields" : [ ],
          "fragmentStyle" : {
            "hidden" : true
          },
          "indexed" : true
        },
        "type" : "Fragment"
      } ],
      "type" : "Section"
    }, {
      "definition" : {
        "fragmentSettings" : {
          "unallowedFragments" : [ ]
        }
      },
      "type" : "DropZone"
    }, {
      "definition" : {
        "customCSS" : ".[$FRAGMENT_CLASS$] {\n   left: 0;\n   bottom: 0;\n   width: 100%;\n   }",
        "fragmentStyle" : {
          "backgroundColor" : "#AA8B56",
          "height" : "400px",
          "paddingTop" : "4",
          "textColor" : "#EEF1EE"
        },
        "indexed" : true,
        "layout" : {
          "contentDisplay" : "FlexRow",
          "paddingTop" : 2
        },
        "name" : "Footer Container"
      },
      "pageElements" : [ {
        "definition" : {
          "indexed" : true,
          "layout" : {
            "widthType" : "Fixed"
          }
        },
        "pageElements" : [ {
          "definition" : {
            "fragmentStyle" : {
              "minWidth" : "65%"
            },
            "gutters" : true,
            "indexed" : true,
            "modulesPerRow" : 4,
            "numberOfColumns" : 4,
            "reverseOrder" : false,
            "rowViewports" : [ {
              "id" : "landscapeMobile",
              "rowViewportDefinition" : {
                "modulesPerRow" : 1
              }
            }, {
              "id" : "portraitMobile",
              "rowViewportDefinition" : { }
            }, {
              "id" : "tablet",
              "rowViewportDefinition" : { }
            } ],
            "verticalAlignment" : "top"
          },
          "pageElements" : [ {
            "definition" : {
              "columnViewports" : [ {
                "columnViewportDefinition" : {
                  "size" : 12
                },
                "id" : "landscapeMobile"
              }, {
                "columnViewportDefinition" : { },
                "id" : "portraitMobile"
              }, {
                "columnViewportDefinition" : { },
                "id" : "tablet"
              } ],
              "size" : 4
            },
            "pageElements" : [ {
              "definition" : {
                "indexed" : true,
                "layout" : {
                  "align" : "Start",
                  "contentDisplay" : "FlexColumn",
                  "flexWrap" : "Wrap"
                }
              },
              "pageElements" : [ {
                "definition" : {
                  "fragment" : {
                    "key" : "BASIC_COMPONENT-heading"
                  },
                  "fragmentConfig" : {
                    "headingLevel" : "h1"
                  },
                  "fragmentFields" : [ {
                    "id" : "element-text",
                    "value" : {
                      "fragmentLink" : { },
                      "text" : {
                        "value_i18n" : {
                          "en_US" : "Contact Us"
                        }
                      }
                    }
                  } ],
                  "fragmentStyle" : {
                    "paddingBottom" : "3",
                    "paddingTop" : "7",
                    "textColor" : ""
                  },
                  "indexed" : true
                },
                "type" : "Fragment"
              }, {
                "definition" : {
                  "fragment" : {
                    "key" : "BASIC_COMPONENT-paragraph"
                  },
                  "fragmentConfig" : { },
                  "fragmentFields" : [ {
                    "id" : "element-text",
                    "value" : {
                      "fragmentLink" : { },
                      "text" : {
                        "value_i18n" : {
                          "en_US" : "Email: contact@delectablebonsai.com"
                        }
                      }
                    }
                  } ],
                  "indexed" : true
                },
                "type" : "Fragment"
              }, {
                "definition" : {
                  "fragment" : {
                    "key" : "BASIC_COMPONENT-paragraph"
                  },
                  "fragmentConfig" : { },
                  "fragmentFields" : [ {
                    "id" : "element-text",
                    "value" : {
                      "fragmentLink" : { },
                      "text" : {
                        "value_i18n" : {
                          "en_US" : "Address: 1400 Montefino Ave, Diamond Bar, CA 91765&nbsp;"
                        }
                      }
                    }
                  } ],
                  "fragmentStyle" : {
                    "paddingTop" : "3"
                  },
                  "indexed" : true
                },
                "type" : "Fragment"
              } ],
              "type" : "Section"
            } ],
            "type" : "Column"
          }, {
            "definition" : {
              "columnViewports" : [ {
                "columnViewportDefinition" : {
                  "size" : 12
                },
                "id" : "landscapeMobile"
              }, {
                "columnViewportDefinition" : { },
                "id" : "portraitMobile"
              }, {
                "columnViewportDefinition" : { },
                "id" : "tablet"
              } ],
              "size" : 3
            },
            "pageElements" : [ {
              "definition" : {
                "customCSS" : ".[$FRAGMENT_CLASS$] {\n}",
                "indexed" : true,
                "layout" : {
                  "align" : "Start",
                  "contentDisplay" : "FlexColumn",
                  "flexWrap" : "Wrap"
                }
              },
              "pageElements" : [ {
                "definition" : {
                  "fragment" : {
                    "key" : "BASIC_COMPONENT-heading"
                  },
                  "fragmentConfig" : {
                    "headingLevel" : "h1"
                  },
                  "fragmentFields" : [ {
                    "id" : "element-text",
                    "value" : {
                      "fragmentLink" : { },
                      "text" : {
                        "value_i18n" : {
                          "en_US" : "Account"
                        }
                      }
                    }
                  } ],
                  "fragmentStyle" : {
                    "paddingTop" : "7"
                  },
                  "indexed" : true
                },
                "type" : "Fragment"
              }, {
                "definition" : {
                  "customCSS" : ".[$FRAGMENT_CLASS$] {\n}",
                  "fragment" : {
                    "key" : "BASIC_COMPONENT-html"
                  },
                  "fragmentConfig" : { },
                  "fragmentFields" : [ {
                    "id" : "element-html",
                    "value" : {
                      "html" : {
                        "value_i18n" : {
                          "en_US" : "<ul style=\"padding:15px;\">\n\t\t<li><a href=\"http://localhost:8080/my-account\"> My Account</a></li>\n\t\t<li><a href=\"http://localhost:8080/my-account\"> My Cart</a></li>\n\t\t<li><a href=\"http://localhost:8080/my-account\"> My List</a></li>\n</ul>\n"
                        }
                      }
                    }
                  } ],
                  "indexed" : true
                },
                "type" : "Fragment"
              } ],
              "type" : "Section"
            } ],
            "type" : "Column"
          }, {
            "definition" : {
              "columnViewports" : [ {
                "columnViewportDefinition" : {
                  "size" : 12
                },
                "id" : "landscapeMobile"
              }, {
                "columnViewportDefinition" : { },
                "id" : "portraitMobile"
              }, {
                "columnViewportDefinition" : { },
                "id" : "tablet"
              } ],
              "size" : 2
            },
            "pageElements" : [ {
              "definition" : {
                "indexed" : true,
                "layout" : {
                  "align" : "Start",
                  "contentDisplay" : "FlexColumn",
                  "flexWrap" : "Wrap"
                }
              },
              "pageElements" : [ {
                "definition" : {
                  "fragment" : {
                    "key" : "BASIC_COMPONENT-heading"
                  },
                  "fragmentConfig" : {
                    "headingLevel" : "h1"
                  },
                  "fragmentFields" : [ {
                    "id" : "element-text",
                    "value" : {
                      "fragmentLink" : { },
                      "text" : {
                        "value_i18n" : {
                          "en_US" : "Actions"
                        }
                      }
                    }
                  } ],
                  "fragmentStyle" : {
                    "paddingTop" : "7"
                  },
                  "indexed" : true
                },
                "type" : "Fragment"
              }, {
                "definition" : {
                  "customCSS" : ".[$FRAGMENT_CLASS$] {\n}",
                  "fragment" : {
                    "key" : "BASIC_COMPONENT-html"
                  },
                  "fragmentConfig" : { },
                  "fragmentFields" : [ {
                    "id" : "element-html",
                    "value" : {
                      "html" : {
                        "value_i18n" : {
                          "en_US" : "\n<ul style=\"padding: 15px;\">\n\t\t<li><a href=\"http://localhost:8080/my-account\">Give Feedback</a></li>\n\t\t<li><a href=\"http://localhost:8080/my-account\">Find a Store</a></li>\n\t\t<li><a href=\"http://localhost:8080/my-account\">Become a Distributor</a></li>\n</ul>\n"
                        }
                      }
                    }
                  } ],
                  "indexed" : true
                },
                "type" : "Fragment"
              } ],
              "type" : "Section"
            } ],
            "type" : "Column"
          }, {
            "definition" : {
              "columnViewports" : [ {
                "columnViewportDefinition" : {
                  "size" : 12
                },
                "id" : "landscapeMobile"
              }, {
                "columnViewportDefinition" : { },
                "id" : "portraitMobile"
              }, {
                "columnViewportDefinition" : { },
                "id" : "tablet"
              } ],
              "size" : 3
            },
            "pageElements" : [ {
              "definition" : {
                "indexed" : true,
                "layout" : {
                  "align" : "Start",
                  "contentDisplay" : "FlexColumn",
                  "flexWrap" : "Wrap"
                }
              },
              "pageElements" : [ {
                "definition" : {
                  "fragment" : {
                    "key" : "BASIC_COMPONENT-image"
                  },
                  "fragmentConfig" : {
                    "imageSize" : "w-100"
                  },
                  "fragmentFields" : [ {
                    "id" : "image-square",
                    "value" : {
                      "fragmentImage" : {
                        "description" : {
                          "value_i18n" : {
                            "en_US" : ""
                          }
                        },
                        "url" : {
                          "value_i18n" : {
                            "en_US" : "/documents/d/guest/db-green-3-svg?imagePreview=1"
                          }
                        }
                      },
                      "fragmentLink" : {
                        "value" : {
                          "href" : {
                            "value_i18n" : {
                              "en_US" : "/home"
                            }
                          }
                        }
                      }
                    }
                  } ],
                  "indexed" : true
                },
                "type" : "Fragment"
              } ],
              "type" : "Section"
            } ],
            "type" : "Column"
          } ],
          "type" : "Row"
        } ],
        "type" : "Section"
      } ],
      "type" : "Section"
    } ],
    "type" : "Root"
  },
  "settings" : {
    "colorSchemeName" : "01",
    "themeName" : "Classic",
    "themeSettings" : {
      "lfr-theme:regular:show-header" : "false",
      "lfr-theme:regular:wrap-widget-page-content" : "false",
      "lfr-theme:regular:show-header-search" : "false",
      "lfr-theme:regular:show-footer" : "false"
    }
  },
  "version" : 1.1
}