{
	"definition": {
		"fragmentStyle": {
			"backgroundFragmentImage": {
				"title": {
					"value": "footer-background.svg"
				},
				"url": {
					"value": "/documents/d/guest/footer-background-svg?imagePreview=1"
				}
			},
			"borderColor": "#5c2727",
			"marginTop": "3",
			"paddingBottom": "5",
			"paddingTop": "4",
			"textColor": "colorBrandSecondaryLighten1"
		},
		"indexed": true,
		"layout": {
			"borderColor": "#5c2727",
			"marginTop": 1,
			"paddingBottom": 4,
			"paddingTop": 2
		},
		"name": "Footer"
	},
	"id": "6fd1b276-12a8-051d-bc29-6bba651fbced",
	"pageElements": [
		{
			"definition": {
				"fragmentStyle": {
					"backgroundFragmentImage": {
						"title": {
							"value": "footer-background.svg"
						},
						"url": {
							"value": "/documents/d/template-31717/footer-background-svg?imagePreview=1"
						}
					},
					"borderWidth": "0",
					"paddingBottom": "6",
					"paddingLeft": "7",
					"paddingRight": "7",
					"paddingTop": "6"
				},
				"indexed": true,
				"layout": {
					"paddingBottom": 6,
					"paddingLeft": 8,
					"paddingRight": 8,
					"paddingTop": 6
				},
				"name": "Inner Container"
			},
			"id": "bf386ad4-e946-71d7-c9d4-b48745d67dd0",
			"pageElements": [
				{
					"definition": {
						"fragmentStyle": {
							"marginBottom": "6"
						},
						"gutters": true,
						"indexed": true,
						"modulesPerRow": 5,
						"name": "Top Grid",
						"numberOfColumns": 5,
						"reverseOrder": false,
						"rowViewports": [
							{
								"id": "landscapeMobile",
								"rowViewportDefinition": {
									"modulesPerRow": 1
								}
							},
							{
								"id": "portraitMobile",
								"rowViewportDefinition": {
								}
							},
							{
								"id": "tablet",
								"rowViewportDefinition": {
								}
							}
						],
						"verticalAlignment": "top"
					},
					"id": "fd52a387-7610-a6d4-8430-1e5b2a83cc19",
					"pageElements": [
						{
							"definition": {
								"columnViewports": [
									{
										"columnViewportDefinition": {
											"size": 12
										},
										"id": "landscapeMobile"
									},
									{
										"columnViewportDefinition": {
										},
										"id": "portraitMobile"
									},
									{
										"columnViewportDefinition": {
										},
										"id": "tablet"
									}
								],
								"size": 2
							},
							"id": "e019f683-9453-9596-97f8-a6d831ace7fc",
							"pageElements": [
								{
									"definition": {
										"fragmentStyle": {
											"borderWidth": "0",
											"height": "64px",
											"marginTop": "3",
											"width": "150px"
										},
										"indexed": true,
										"layout": {
											"marginTop": 1
										}
									},
									"id": "9e366f9c-c9f1-f9de-7171-c6df2c780f58",
									"pageElements": [
										{
											"definition": {
												"fragment": {
													"key": "BASIC_COMPONENT-image"
												},
												"fragmentConfig": {
													"imageSize": "w-100"
												},
												"fragmentFields": [
												],
												"indexed": true
											},
											"id": "07227383-3847-10ab-9a0b-e5052b6cf509",
											"type": "Fragment"
										}
									],
									"type": "Section"
								}
							],
							"type": "Column"
						},
						{
							"definition": {
								"columnViewports": [
									{
										"columnViewportDefinition": {
											"size": 12
										},
										"id": "landscapeMobile"
									},
									{
										"columnViewportDefinition": {
										},
										"id": "portraitMobile"
									},
									{
										"columnViewportDefinition": {
										},
										"id": "tablet"
									}
								],
								"size": 2
							},
							"id": "45ca1fa5-7314-4ff6-8330-299f90ddd05a",
							"pageElements": [
								{
									"definition": {
										"fragmentStyle": {
											"borderWidth": "0",
											"paddingTop": "3"
										},
										"indexed": true,
										"layout": {
											"paddingTop": 1
										}
									},
									"id": "d0c58873-a1d5-ca51-1b1e-2aa87d870092",
									"pageElements": [
										{
											"definition": {
												"fragment": {
													"key": "DIALECT-dialect-text"
												},
												"fragmentConfig": {
													"textType": "text-small-caps",
													"truncateText": false
												},
												"fragmentFields": [
												],
												"fragmentStyle": {
													"fontWeight": "fontWeightBold",
													"paddingLeft": "3",
													"textColor": "colorBrandPrimaryLighten6"
												},
												"indexed": true
											},
											"id": "93b53ce9-9bec-8b93-ec98-7178e959d61e",
											"type": "Fragment"
										},
										{
											"definition": {
												"cssClasses": [
													"clarity-vertical-nav"
												],
												"widgetInstance": {
													"widgetConfig": {
														"displayDepth": "2",
														"displayStyle": "ddmTemplate_NAV-PILLS-STACKED-FTL",
														"displayStyleGroupId": "32834",
														"expandedLevels": "auto",
														"rootMenuItemLevel": "0",
														"rootMenuItemType": "absolute",
														"siteNavigationMenuName": "Footer Clarity Menu",
														"siteNavigationMenuType": "-1"
													},
													"widgetName": "com_liferay_site_navigation_menu_web_portlet_SiteNavigationMenuPortlet"
												}
											},
											"id": "614d11b0-efc6-e5ad-63a5-e96797a1c02c",
											"type": "Widget"
										}
									],
									"type": "Section"
								}
							],
							"type": "Column"
						},
						{
							"definition": {
								"columnViewports": [
									{
										"columnViewportDefinition": {
											"size": 12
										},
										"id": "landscapeMobile"
									},
									{
										"columnViewportDefinition": {
										},
										"id": "portraitMobile"
									},
									{
										"columnViewportDefinition": {
										},
										"id": "tablet"
									}
								],
								"size": 2
							},
							"id": "cf6fee4d-b02e-040c-dacb-4899a14ba6d5",
							"pageElements": [
								{
									"definition": {
										"fragmentStyle": {
											"borderWidth": "0",
											"paddingTop": "3"
										},
										"indexed": true,
										"layout": {
											"paddingTop": 1
										}
									},
									"id": "7ed8748d-55e5-fc75-afef-98f0d42f03eb",
									"pageElements": [
										{
											"definition": {
												"fragment": {
													"key": "DIALECT-dialect-text"
												},
												"fragmentConfig": {
													"textType": "text-small-caps",
													"truncateText": false
												},
												"fragmentFields": [
												],
												"fragmentStyle": {
													"fontWeight": "fontWeightBold",
													"paddingLeft": "3",
													"textColor": "colorBrandPrimaryLighten6"
												},
												"indexed": true
											},
											"id": "55ca688c-faa8-9f8f-7942-9b099bb2657d",
											"type": "Fragment"
										},
										{
											"definition": {
												"cssClasses": [
													"clarity-vertical-nav"
												],
												"widgetInstance": {
													"widgetConfig": {
														"displayDepth": "2",
														"displayStyle": "ddmTemplate_NAV-PILLS-STACKED-FTL",
														"displayStyleGroupId": "32834",
														"expandedLevels": "auto",
														"rootMenuItemLevel": "0",
														"rootMenuItemType": "absolute",
														"siteNavigationMenuName": "Footer Trial Menu",
														"siteNavigationMenuType": "-1"
													},
													"widgetName": "com_liferay_site_navigation_menu_web_portlet_SiteNavigationMenuPortlet"
												}
											},
											"id": "ae5bdb65-4201-6149-d1f9-8053f28f44f1",
											"type": "Widget"
										}
									],
									"type": "Section"
								}
							],
							"type": "Column"
						},
						{
							"definition": {
								"columnViewports": [
									{
										"columnViewportDefinition": {
											"size": 12
										},
										"id": "landscapeMobile"
									},
									{
										"columnViewportDefinition": {
										},
										"id": "portraitMobile"
									},
									{
										"columnViewportDefinition": {
										},
										"id": "tablet"
									}
								],
								"size": 3
							},
							"id": "19569f33-e4d0-105f-65eb-781b3796aa74",
							"pageElements": [
								{
									"definition": {
										"fragmentStyle": {
											"borderWidth": "0",
											"paddingTop": "3"
										},
										"indexed": true,
										"layout": {
											"paddingTop": 1
										}
									},
									"id": "6ebf094f-aa2c-7fae-ed2a-24f00df68d72",
									"pageElements": [
										{
											"definition": {
												"fragment": {
													"key": "DIALECT-dialect-text"
												},
												"fragmentConfig": {
													"textType": "text-small-caps",
													"truncateText": false
												},
												"fragmentFields": [
												],
												"fragmentStyle": {
													"fontWeight": "fontWeightBold",
													"paddingLeft": "3",
													"textColor": "colorBrandPrimaryLighten6"
												},
												"indexed": true
											},
											"id": "31dfa6bd-916c-e4bf-28d9-cb73199626dd",
											"type": "Fragment"
										},
										{
											"definition": {
												"cssClasses": [
													"clarity-vertical-nav"
												],
												"widgetInstance": {
													"widgetConfig": {
														"displayDepth": "2",
														"displayStyle": "ddmTemplate_NAV-PILLS-STACKED-FTL",
														"displayStyleGroupId": "32834",
														"expandedLevels": "auto",
														"rootMenuItemLevel": "0",
														"rootMenuItemType": "absolute",
														"siteNavigationMenuName": "Footer Liferay Menu",
														"siteNavigationMenuType": "-1"
													},
													"widgetName": "com_liferay_site_navigation_menu_web_portlet_SiteNavigationMenuPortlet"
												}
											},
											"id": "b7afec2d-833a-99ff-96c0-e0e2bbbbffd8",
											"type": "Widget"
										}
									],
									"type": "Section"
								}
							],
							"type": "Column"
						},
						{
							"definition": {
								"columnViewports": [
									{
										"columnViewportDefinition": {
											"size": 12
										},
										"id": "landscapeMobile"
									},
									{
										"columnViewportDefinition": {
										},
										"id": "portraitMobile"
									},
									{
										"columnViewportDefinition": {
										},
										"id": "tablet"
									}
								],
								"size": 3
							},
							"id": "0bcd6dd5-dea7-e7b3-d381-c0108aae3eb2",
							"pageElements": [
								{
									"definition": {
										"fragmentStyle": {
											"borderWidth": "0",
											"paddingTop": "3"
										},
										"indexed": true,
										"layout": {
											"paddingTop": 1
										}
									},
									"id": "9d2ad852-d54b-b774-c47a-f93f402f819c",
									"pageElements": [
										{
											"definition": {
												"fragment": {
													"key": "DIALECT-dialect-text"
												},
												"fragmentConfig": {
													"textType": "text-small-caps",
													"truncateText": false
												},
												"fragmentFields": [
												],
												"fragmentStyle": {
													"fontWeight": "fontWeightBold",
													"paddingLeft": "3",
													"textColor": "colorBrandPrimaryLighten6"
												},
												"indexed": true
											},
											"id": "5dc1bac8-98be-63b9-6aa7-631fa95bdf6b",
											"type": "Fragment"
										},
										{
											"definition": {
												"fragment": {
													"key": "DIALECT-dialect-text"
												},
												"fragmentConfig": {
													"textType": "text-paragraph-sm",
													"truncateText": false
												},
												"fragmentFields": [
												],
												"fragmentStyle": {
													"marginBottom": "2",
													"marginTop": "2",
													"paddingLeft": "3",
													"textColor": "colorBrandPrimaryLighten5"
												},
												"indexed": true
											},
											"id": "d28d68f9-07d6-d87a-6c79-7e377fc66f85",
											"type": "Fragment"
										},
										{
											"definition": {
												"fragmentStyle": {
													"borderWidth": "0",
													"marginTop": "3",
													"paddingBottom": "2",
													"paddingLeft": "3",
													"paddingRight": "2",
													"paddingTop": "2"
												},
												"indexed": true,
												"layout": {
													"contentDisplay": "FlexRow",
													"marginTop": 1,
													"paddingLeft": 1
												}
											},
											"id": "88f18174-c63d-eeb6-2e2f-f07fa86b6dd2",
											"pageElements": [
												{
													"definition": {
														"fragment": {
															"key": "DIALECT-dialect-text"
														},
														"fragmentConfig": {
															"textType": "text-link-md",
															"truncateText": false
														},
														"fragmentFields": [
														],
														"fragmentStyle": {
															"textColor": "colorBrandPrimaryLighten1"
														},
														"indexed": true
													},
													"id": "b4584602-a68b-cd4b-64a8-0f5f4ef3a4a3",
													"type": "Fragment"
												}
											],
											"type": "Section"
										}
									],
									"type": "Section"
								}
							],
							"type": "Column"
						}
					],
					"type": "Row"
				},
				{
					"definition": {
						"fragmentStyle": {
							"backgroundColor": "colorBrandPrimaryLighten6",
							"borderWidth": "0",
							"height": "2px",
							"opacity": "20",
							"width": "100%"
						},
						"indexed": true,
						"layout": {
							"opacity": 20
						},
						"name": "Spacer"
					},
					"id": "f4a7e65d-2559-4c00-55d6-6d6d55287a88",
					"type": "Section"
				},
				{
					"definition": {
						"fragmentStyle": {
							"marginTop": "4"
						},
						"gutters": true,
						"indexed": true,
						"modulesPerRow": 3,
						"name": "Bottom Grid",
						"numberOfColumns": 3,
						"reverseOrder": false,
						"rowViewports": [
							{
								"id": "landscapeMobile",
								"rowViewportDefinition": {
									"modulesPerRow": 1
								}
							},
							{
								"id": "portraitMobile",
								"rowViewportDefinition": {
								}
							},
							{
								"id": "tablet",
								"rowViewportDefinition": {
								}
							}
						],
						"verticalAlignment": "top"
					},
					"id": "e18d9256-9836-f60b-a0c0-cbcf8147f637",
					"pageElements": [
						{
							"definition": {
								"columnViewports": [
									{
										"columnViewportDefinition": {
											"size": 12
										},
										"id": "landscapeMobile"
									},
									{
										"columnViewportDefinition": {
										},
										"id": "portraitMobile"
									},
									{
										"columnViewportDefinition": {
										},
										"id": "tablet"
									}
								],
								"size": 4
							},
							"id": "b9fc0fe7-3845-34f0-cba8-c1e614629b7c",
							"pageElements": [
								{
									"definition": {
										"fragmentStyle": {
											"borderWidth": "0",
											"paddingBottom": "1",
											"paddingLeft": "1",
											"paddingTop": "1"
										},
										"indexed": true,
										"layout": {
											"contentDisplay": "FlexRow",
											"justify": "Center"
										}
									},
									"id": "96dbe064-83a0-9dc7-521d-751c7545d9f2",
									"pageElements": [
										{
											"definition": {
												"fragment": {
													"key": "DIALECT-dialect-text"
												},
												"fragmentConfig": {
													"textType": "text-link-md",
													"truncateText": false
												},
												"fragmentFields": [
												],
												"fragmentStyle": {
													"paddingRight": "4",
													"textColor": "colorBrandPrimaryLighten1"
												},
												"indexed": true
											},
											"id": "057947fe-ab1b-a5ac-1ba6-03f82c926e6c",
											"type": "Fragment"
										},
										{
											"definition": {
												"fragment": {
													"key": "DIALECT-dialect-text"
												},
												"fragmentConfig": {
													"textType": "text-link-md",
													"truncateText": false
												},
												"fragmentFields": [
												],
												"fragmentStyle": {
													"paddingRight": "4",
													"textColor": "colorBrandPrimaryLighten1"
												},
												"indexed": true
											},
											"id": "b5b22f9a-7bdd-8dec-8f05-5e0b97f1c87f",
											"type": "Fragment"
										},
										{
											"definition": {
												"fragment": {
													"key": "DIALECT-dialect-text"
												},
												"fragmentConfig": {
													"textType": "text-link-md",
													"truncateText": false
												},
												"fragmentFields": [
												],
												"fragmentStyle": {
													"textColor": "colorBrandPrimaryLighten1"
												},
												"indexed": true
											},
											"id": "fcc2ec1a-d06a-02b9-1fbe-f7d010496850",
											"type": "Fragment"
										}
									],
									"type": "Section"
								}
							],
							"type": "Column"
						},
						{
							"definition": {
								"columnViewports": [
									{
										"columnViewportDefinition": {
											"size": 12
										},
										"id": "landscapeMobile"
									},
									{
										"columnViewportDefinition": {
										},
										"id": "portraitMobile"
									},
									{
										"columnViewportDefinition": {
										},
										"id": "tablet"
									}
								],
								"size": 4
							},
							"id": "5b87b126-76e6-327e-5991-0389a7b8922c",
							"pageElements": [
								{
									"definition": {
										"fragment": {
											"key": "BASIC_COMPONENT-paragraph"
										},
										"fragmentConfig": {
										},
										"fragmentFields": [
										],
										"fragmentStyle": {
											"textColor": "colorBrandPrimaryLighten2"
										},
										"indexed": true
									},
									"id": "e6377788-c9d0-5bdb-e49d-d0bb09d61f31",
									"type": "Fragment"
								}
							],
							"type": "Column"
						},
						{
							"definition": {
								"columnViewports": [
									{
										"columnViewportDefinition": {
											"size": 12
										},
										"id": "landscapeMobile"
									},
									{
										"columnViewportDefinition": {
										},
										"id": "portraitMobile"
									},
									{
										"columnViewportDefinition": {
										},
										"id": "tablet"
									}
								],
								"size": 4
							},
							"id": "e61b6ff5-7b92-9c98-aae3-36334ae7e61d",
							"type": "Column"
						}
					],
					"type": "Row"
				}
			],
			"type": "Section"
		}
	],
	"type": "Section"
}