{
  "pageElement" : {
    "id" : "ebbf2029-7918-3819-915e-10e20f69a824",
    "pageElements" : [ {
      "definition" : {
        "fragmentStyle" : {
          "marginBottom" : "6",
          "marginTop" : "5"
        },
        "indexed" : true,
        "layout" : {
          "align" : "Center",
          "contentDisplay" : "FlexColumn",
          "marginBottom" : 6,
          "marginTop" : 4
        }
      },
      "id" : "aacef89f-5ed3-bd25-5f88-8c23e2f6605c",
      "pageElements" : [ {
        "definition" : {
          "fragmentStyle" : {
            "maxWidth" : "720px"
          },
          "indexed" : true,
          "layout" : { }
        },
        "id" : "5f36243b-54b2-1146-50f6-aa0cd8d3f5b4",
        "pageElements" : [ {
          "definition" : {
            "fragment" : {
              "key" : "DIALECT-dialect-text"
            },
            "fragmentConfig" : {
              "textType" : "display-4",
              "truncateText" : false
            },
            "fragmentFields" : [ {
              "id" : "element-text",
              "value" : {
                "fragmentLink" : { },
                "text" : {
                  "mapping" : {
                    "fieldKey" : "DDMStructure_Text77125548",
                    "itemReference" : {
                      "contextSource" : "DisplayPageItem"
                    }
                  }
                }
              }
            } ],
            "fragmentStyle" : {
              "textColor" : "colorBrandPrimaryDarken5"
            },
            "indexed" : true
          },
          "id" : "76ff008d-021b-0623-88a4-335f3f1ad8bf",
          "type" : "Fragment"
        }, {
          "definition" : {
            "fragment" : {
              "key" : "DIALECT-dialect-text"
            },
            "fragmentConfig" : {
              "textType" : "h3",
              "truncateText" : false
            },
            "fragmentFields" : [ {
              "id" : "element-text",
              "value" : {
                "fragmentLink" : { },
                "text" : {
                  "mapping" : {
                    "fieldKey" : "DDMStructure_Select96866833",
                    "itemReference" : {
                      "contextSource" : "DisplayPageItem"
                    }
                  }
                }
              }
            } ],
            "fragmentStyle" : {
              "marginTop" : "2",
              "textColor" : "colorBrandPrimaryDarken1"
            },
            "indexed" : true
          },
          "id" : "5faa8094-7dc0-099a-d645-1b6cc334adf0",
          "type" : "Fragment"
        }, {
          "definition" : {
            "fragment" : {
              "key" : "DIALECT-dialect-text"
            },
            "fragmentConfig" : {
              "textType" : "text-paragraph-lg",
              "truncateText" : false
            },
            "fragmentFields" : [ {
              "id" : "element-text",
              "value" : {
                "fragmentLink" : { },
                "text" : {
                  "mapping" : {
                    "fieldKey" : "DDMStructure_RichText92855280",
                    "itemReference" : {
                      "contextSource" : "DisplayPageItem"
                    }
                  }
                }
              }
            } ],
            "fragmentStyle" : {
              "marginTop" : "3",
              "textColor" : "colorBrandPrimaryDarken4"
            },
            "indexed" : true
          },
          "id" : "0b79c1ae-87ad-c0f4-e35a-0f6797cdbf91",
          "type" : "Fragment"
        }, {
          "definition" : {
            "fragment" : {
              "key" : "DIALECT-dialect-button"
            },
            "fragmentConfig" : {
              "uppercase" : false,
              "style" : "primary",
              "type" : "solid",
              "inverted" : false,
              "buttonSize" : ""
            },
            "fragmentFields" : [ {
              "id" : "link",
              "value" : {
                "fragmentLink" : { },
                "text" : {
                  "value_i18n" : {
                    "en_US" : "Apply"
                  }
                }
              }
            } ],
            "fragmentStyle" : {
              "marginTop" : "4"
            },
            "indexed" : true
          },
          "id" : "18af9cfe-c6e0-a6ff-c0f3-533373080be0",
          "type" : "Fragment"
        } ],
        "type" : "Section"
      } ],
      "type" : "Section"
    } ],
    "type" : "Root"
  },
  "settings" : {
    "colorSchemeName" : "01",
    "masterPage" : {
      "key" : "main"
    },
    "themeName" : "Dialect",
    "themeSettings" : {
      "lfr-theme:regular:show-header" : "false",
      "lfr-theme:regular:wrap-widget-page-content" : "false",
      "lfr-theme:regular:show-header-search" : "false",
      "lfr-theme:regular:show-footer" : "false"
    }
  },
  "version" : 1.1
}