{"definition":{"customCSS":".[$FRAGMENT_CLASS$] {\n    background-position: 0 0 !important;\n    background-repeat: repeat;\n    background-color : transparent;\n}\n","fragmentStyle":{"backgroundFragmentImage":{"title":{"value":"header-background-svg"},"url":{"value":"/documents/d/clarity/header-background-svg"}},"borderWidth":"0"},"indexed":true,"layout":{}},"pageElements":[{"definition":{"fragmentStyle":{"borderWidth":"0","paddingLeft":"6","paddingRight":"6","textColor":"colorBrandPrimaryLighten6"},"indexed":true,"layout":{"align":"Center","contentDisplay":"FlexRow","flexWrap":"Wrap","justify":"SpaceBetween","paddingLeft":6,"paddingRight":6,"widthType":"Fixed"}},"pageElements":[{"definition":{"fragment":{"key":"BASIC_COMPONENT-image"},"fragmentConfig":{"imageSize":"w-0"},"fragmentFields":[],"fragmentStyle":{"height":"64px","paddingTop":"2","width":"128px"},"indexed":true},"type":"Fragment"},{"definition":{"fragmentStyle":{"borderWidth":"0","paddingTop":"1"},"indexed":true,"layout":{"align":"Start","contentDisplay":"FlexRow","flexWrap":"Wrap"}},"pageElements":[{"definition":{"cssClasses":["clarity-horizontal-nav"],"widgetInstance":{"widgetConfig":{"displayStyle":"ddmTemplate_NAVBAR-BLANK-FTL","displayDepth":"2","siteNavigationMenuName":"Main Menu","rootMenuItemType":"absolute","siteNavigationMenuType":"-1","expandedLevels":"auto","rootMenuItemLevel":"0","displayStyleGroupId":"32838"},"widgetName":"com_liferay_site_navigation_menu_web_portlet_SiteNavigationMenuPortlet"}},"type":"Widget"},{"definition":{"fragmentStyle":{"borderWidth":"0","fontWeight":"fontWeightBolder","marginLeft":"4","paddingTop":"2","textColor":"colorNeutral7"},"indexed":true,"layout":{"marginLeft":2}},"pageElements":[{"definition":{"fragment":{"key":"icon-button","siteKey":"Clarity"},"fragmentConfig":{"iconName":"search","iconSize":"16px"},"fragmentFields":[],"fragmentStyle":{"textColor":"colorBrandPrimaryLighten6"},"indexed":true},"type":"Fragment"}],"type":"Section"},{"definition":{"fragment":{"key":"user-personal-bar","siteKey":"Clarity"},"fragmentConfig":{},"fragmentFields":[],"fragmentStyle":{"borderColor":"colorBrandPrimary","marginLeft":"4","marginTop":"1"},"indexed":true},"type":"Fragment"}],"type":"Section"}],"type":"Section"}],"type":"Section"}