{"definition":{"customCSS":".[$FRAGMENT_CLASS$] {\n    background-position: 0 0 !important;\n    background-repeat: repeat;\n    background-color : transparent;\n}\n","fragmentStyle":{"backgroundFragmentImage":{"title":{"value":"header-background.svg"},"url":{"value":"/documents/d/guest/header-background-svg?imagePreview=1"}},"borderWidth":"0"},"indexed":true,"layout":{}},"id":"d2ab5f2c-ea54-ba6f-1864-3111e2cd8e5d","pageElements":[{"definition":{"fragmentStyle":{"borderWidth":"0","paddingLeft":"6","paddingRight":"6","textColor":"colorBrandPrimaryLighten6"},"indexed":true,"layout":{"align":"Center","contentDisplay":"FlexRow","flexWrap":"Wrap","justify":"SpaceBetween","paddingLeft":6,"paddingRight":6,"widthType":"Fixed"}},"id":"48c74344-ffd7-10cc-a000-652ff9b9db16","pageElements":[{"definition":{"fragment":{"key":"BASIC_COMPONENT-image"},"fragmentConfig":{"imageSize":"w-0"},"fragmentFields":[],"fragmentStyle":{"height":"64px","paddingTop":"2"},"indexed":true},"id":"140b23cd-6f5f-2dc0-fa80-463caa05aab6","type":"Fragment"},{"definition":{"fragmentStyle":{"borderWidth":"0","paddingTop":"1"},"indexed":true,"layout":{"align":"Start","contentDisplay":"FlexRow","flexWrap":"Wrap"}},"id":"a2106072-b91e-f6aa-c590-34ea569f37cb","pageElements":[{"definition":{"cssClasses":["clarity-horizontal-nav"],"widgetInstance":{"widgetConfig":{"displayStyle":"ddmTemplate_NAVBAR-BLANK-FTL","displayDepth":"2","siteNavigationMenuName":"Main Menu","siteNavigationMenuType":"-1","rootMenuItemType":"absolute","expandedLevels":"auto","rootMenuItemLevel":"0","displayStyleGroupId":"32834"},"widgetName":"com_liferay_site_navigation_menu_web_portlet_SiteNavigationMenuPortlet"}},"id":"928fc8e8-9c2c-7f03-8a05-a3a3bced4a88","type":"Widget"},{"definition":{"fragmentStyle":{"borderWidth":"0","fontWeight":"fontWeightBolder","marginLeft":"4","paddingTop":"2","textColor":"colorNeutral7"},"indexed":true,"layout":{"marginLeft":2}},"id":"24e7c7ca-ec71-f03d-b0ee-65531452b497","pageElements":[{"definition":{"fragment":{"key":"icon-button","siteKey":"Guest"},"fragmentConfig":{"iconName":"search","iconSize":"16px"},"fragmentFields":[],"fragmentStyle":{"textColor":"colorBrandPrimaryLighten6"},"indexed":true},"id":"b3de9384-8599-898c-76b0-7bb2cbd568da","type":"Fragment"}],"type":"Section"},{"definition":{"fragment":{"key":"user-personal-bar","siteKey":"Guest"},"fragmentConfig":{},"fragmentFields":[],"fragmentStyle":{"borderColor":"colorBrandPrimary","marginLeft":"4","marginTop":"1"},"indexed":true},"id":"8c55ddb0-5a9a-c284-6227-6e173c0aa90e","type":"Fragment"}],"type":"Section"}],"type":"Section"}],"type":"Section"}