{"definition":{"indexed":true,"layout":{}},"id":"33f385c5-af54-f802-4a35-2a8f5eb155de","pageElements":[{"definition":{"indexed":true,"layout":{}},"id":"8ef24b10-56cf-3563-86f1-273574a2bd01","pageElements":[{"definition":{"fragmentStyle":{"backgroundColor":"colorNeutral0","marginLeft":"9","marginRight":"9","marginTop":"4","textColor":"colorBrandPrimaryDarken5"},"gutters":true,"indexed":true,"modulesPerRow":2,"numberOfColumns":2,"reverseOrder":false,"rowViewports":[{"id":"landscapeMobile","rowViewportDefinition":{"modulesPerRow":1}},{"id":"portraitMobile","rowViewportDefinition":{}},{"id":"tablet","rowViewportDefinition":{}}],"verticalAlignment":"middle"},"id":"101ac121-0fb7-2af6-ffbf-2fea1575f697","pageElements":[{"definition":{"columnViewports":[{"columnViewportDefinition":{"size":12},"id":"landscapeMobile"},{"columnViewportDefinition":{},"id":"portraitMobile"},{"columnViewportDefinition":{},"id":"tablet"}],"size":6},"id":"8f00b2b0-594b-f36d-b527-c3737ea82729","pageElements":[{"definition":{"fragment":{"key":"BASIC_COMPONENT-separator"},"fragmentConfig":{"separatorColor":"","bottomSpacing":"1"},"fragmentFields":[],"fragmentStyle":{"backgroundColor":"colorBrandPrimaryLighten6","borderColor":"#0DA16D30","borderRadius":"20px","hidden":true,"marginLeft":"6","marginRight":"6"},"indexed":true},"id":"841fc230-28ec-1b73-918f-87df2ff012bb","type":"Fragment"},{"definition":{"fragment":{"key":"BASIC_COMPONENT-separator"},"fragmentConfig":{"separatorColor":"","bottomSpacing":"1"},"fragmentFields":[],"fragmentStyle":{"backgroundColor":"colorBrandPrimary","borderColor":"#0DA16D30","borderRadius":"20px","hidden":true,"marginLeft":"6","marginRight":"6"},"indexed":true},"id":"63218a2e-5f01-faf9-e350-5a411417b2f4","type":"Fragment"},{"definition":{"cssClasses":["general-text"],"customCSS":".[$FRAGMENT_CLASS$] {\nline-height: 1.75;\n}","fragment":{"key":"BASIC_COMPONENT-paragraph"},"fragmentConfig":{},"fragmentFields":[],"fragmentStyle":{"fontFamily":"system-ui, -apple-system, BlinkMacSystemFont, 'Segoe UI', Roboto, Oxygen-Sans, Ubuntu, Cantarell, 'Helvetica Neue', Arial, sans-serif, 'Apple Color Emoji', 'Segoe UI Emoji', 'Segoe UI Symbol'","paddingLeft":"5","paddingRight":"5","paddingTop":"5","textAlign":"right"},"indexed":true},"id":"9f437c10-647d-21fd-4288-7627d9129068","type":"Fragment"},{"definition":{"fragment":{"key":"BASIC_COMPONENT-separator"},"fragmentConfig":{"separatorColor":"","bottomSpacing":"1"},"fragmentFields":[],"fragmentStyle":{"backgroundColor":"colorBrandPrimaryLighten6","borderColor":"#0DA16D30","borderRadius":"20px","hidden":true,"marginLeft":"6","marginRight":"6"},"indexed":true},"id":"9b0834dd-6602-94cb-5d2b-69dd002bf009","type":"Fragment"},{"definition":{"fragment":{"key":"BASIC_COMPONENT-separator"},"fragmentConfig":{"separatorColor":"","bottomSpacing":"1"},"fragmentFields":[],"fragmentStyle":{"backgroundColor":"colorBrandPrimary","borderColor":"#0DA16D30","borderRadius":"20px","hidden":true,"marginLeft":"6","marginRight":"6"},"indexed":true},"id":"009fc13b-eb6f-fd0f-ae9e-3e29b8ecffda","type":"Fragment"}],"type":"Column"},{"definition":{"columnViewports":[{"columnViewportDefinition":{"size":12},"id":"landscapeMobile"},{"columnViewportDefinition":{},"id":"portraitMobile"},{"columnViewportDefinition":{},"id":"tablet"}],"size":6},"id":"509243bf-5a90-9ab9-b82b-3b960c456105","pageElements":[{"definition":{"fragment":{"key":"BASIC_COMPONENT-image"},"fragmentConfig":{"imageSize":"w-100"},"fragmentFields":[],"fragmentStyle":{"maxHeight":"360px"},"indexed":true},"id":"37dede73-eed5-b664-1a73-2df6896863a8","type":"Fragment"}],"type":"Column"}],"type":"Row"}],"type":"Section"},{"definition":{"fragmentStyle":{"backgroundColor":"colorBrandPrimaryLighten2","marginBottom":"3","marginTop":"3"},"indexed":true,"layout":{"marginBottom":1,"marginTop":1}},"id":"253aac75-289e-f747-7dd1-6791ec6ab679","pageElements":[{"definition":{"fragmentStyle":{"backgroundColor":"colorBrandPrimaryLighten1","marginLeft":"9","marginRight":"9","textColor":"colorBrandPrimaryLighten6"},"gutters":true,"indexed":true,"modulesPerRow":3,"numberOfColumns":3,"reverseOrder":false,"rowViewports":[{"id":"landscapeMobile","rowViewportDefinition":{"modulesPerRow":1}},{"id":"portraitMobile","rowViewportDefinition":{}},{"id":"tablet","rowViewportDefinition":{}}],"verticalAlignment":"middle"},"id":"b3ef429d-37f6-2f67-e4b1-102a2b4d34b4","pageElements":[{"definition":{"columnViewports":[{"columnViewportDefinition":{"size":12},"id":"landscapeMobile"},{"columnViewportDefinition":{},"id":"portraitMobile"},{"columnViewportDefinition":{},"id":"tablet"}],"size":4},"id":"a4d7bad1-1fc2-e441-6a56-0243698d1321","pageElements":[{"definition":{"fragment":{"key":"BASIC_COMPONENT-image"},"fragmentConfig":{"imageSize":"w-100"},"fragmentFields":[],"indexed":true},"id":"17b9a64a-7500-83a3-fee5-b50ce26c8838","type":"Fragment"}],"type":"Column"},{"definition":{"columnViewports":[{"columnViewportDefinition":{"size":12},"id":"landscapeMobile"},{"columnViewportDefinition":{},"id":"portraitMobile"},{"columnViewportDefinition":{},"id":"tablet"}],"size":4},"id":"2ade86f7-2afe-f689-6b47-80cd83cf670a","pageElements":[{"definition":{"fragment":{"key":"BASIC_COMPONENT-separator"},"fragmentConfig":{"separatorColor":"","bottomSpacing":"1"},"fragmentFields":[],"fragmentStyle":{"backgroundColor":"colorBrandPrimary","borderColor":"#0DA16D30","borderRadius":"20px","marginLeft":"6","marginRight":"6"},"indexed":true},"id":"890d07d6-af9b-ee57-8151-c5414a2bb79e","type":"Fragment"},{"definition":{"cssClasses":["detail-text"],"customCSS":".[$FRAGMENT_CLASS$] {\nline-height: 1.125;\n}","fragment":{"key":"BASIC_COMPONENT-paragraph"},"fragmentConfig":{},"fragmentFields":[],"fragmentStyle":{"paddingBottom":"3","paddingLeft":"4","paddingRight":"4","paddingTop":"3","textAlign":"center"},"indexed":true},"id":"8ac7cd5a-4247-0a5c-5cbd-9dc208692ee4","type":"Fragment"},{"definition":{"fragment":{"key":"BASIC_COMPONENT-separator"},"fragmentConfig":{"separatorColor":"","bottomSpacing":"1"},"fragmentFields":[],"fragmentStyle":{"backgroundColor":"colorBrandPrimary","borderColor":"#0DA16D30","borderRadius":"20px","marginLeft":"6","marginRight":"6"},"indexed":true},"id":"b7e6167a-9eae-6ad1-6804-c9f9326e4f28","type":"Fragment"}],"type":"Column"},{"definition":{"columnViewports":[{"columnViewportDefinition":{"size":12},"id":"landscapeMobile"},{"columnViewportDefinition":{},"id":"portraitMobile"},{"columnViewportDefinition":{},"id":"tablet"}],"size":4},"id":"940ecc21-85d1-4a2f-fefa-887105fb066d","pageElements":[{"definition":{"fragment":{"key":"BASIC_COMPONENT-image"},"fragmentConfig":{"imageSize":"w-100"},"fragmentFields":[],"indexed":true},"id":"35f3c8fc-680c-a475-9bb7-23b3d6086ec2","type":"Fragment"}],"type":"Column"}],"type":"Row"}],"type":"Section"},{"definition":{"indexed":true,"layout":{}},"id":"a3ec8224-bbc5-db68-11d2-f9e8f4022ca1","pageElements":[{"definition":{"fragmentStyle":{"marginLeft":"9","marginRight":"9"},"gutters":true,"indexed":true,"modulesPerRow":2,"numberOfColumns":2,"reverseOrder":false,"rowViewports":[{"id":"landscapeMobile","rowViewportDefinition":{"modulesPerRow":1}},{"id":"portraitMobile","rowViewportDefinition":{}},{"id":"tablet","rowViewportDefinition":{}}],"verticalAlignment":"middle"},"id":"610be712-20b8-1cbf-fd40-29854a7b360f","pageElements":[{"definition":{"columnViewports":[{"columnViewportDefinition":{"size":12},"id":"landscapeMobile"},{"columnViewportDefinition":{},"id":"portraitMobile"},{"columnViewportDefinition":{},"id":"tablet"}],"size":6},"id":"c6baffa0-530a-16ae-6636-eacd9caed782","pageElements":[{"definition":{"fragment":{"key":"BASIC_COMPONENT-separator"},"fragmentConfig":{"separatorColor":"","bottomSpacing":"1"},"fragmentFields":[],"fragmentStyle":{"backgroundColor":"colorBrandPrimaryLighten6","borderColor":"#0DA16D30","borderRadius":"20px","hidden":true,"marginLeft":"6","marginRight":"6"},"indexed":true},"id":"054b7b0a-da41-4bee-deaf-6dab3464b84f","type":"Fragment"},{"definition":{"fragment":{"key":"BASIC_COMPONENT-image"},"fragmentConfig":{"imageSize":"w-100"},"fragmentFields":[],"indexed":true},"id":"895c7960-3606-c98e-e7c5-18a4017ef00c","type":"Fragment"},{"definition":{"fragment":{"key":"BASIC_COMPONENT-separator"},"fragmentConfig":{"separatorColor":"","bottomSpacing":"1"},"fragmentFields":[],"fragmentStyle":{"backgroundColor":"colorBrandPrimaryLighten6","borderColor":"#0DA16D30","borderRadius":"20px","hidden":true,"marginLeft":"6","marginRight":"6"},"indexed":true},"id":"09b88bb0-5df5-cd7c-7abf-25757b04bd97","type":"Fragment"}],"type":"Column"},{"definition":{"columnViewports":[{"columnViewportDefinition":{"size":12},"id":"landscapeMobile"},{"columnViewportDefinition":{},"id":"portraitMobile"},{"columnViewportDefinition":{},"id":"tablet"}],"size":6},"id":"48532453-b5a1-a9aa-fc3d-ce396f2103e4","pageElements":[{"definition":{"cssClasses":["general-text"],"customCSS":".[$FRAGMENT_CLASS$] {\nline-height: 1.75;\n}","fragment":{"key":"BASIC_COMPONENT-paragraph"},"fragmentConfig":{},"fragmentFields":[],"fragmentStyle":{"paddingLeft":"5","paddingRight":"5"},"indexed":true},"id":"25eef35c-2792-40d0-694e-fbcf25a7252a","type":"Fragment"}],"type":"Column"}],"type":"Row"}],"type":"Section"},{"definition":{"fragmentStyle":{"backgroundColor":"colorBrandPrimaryLighten1","marginBottom":"3","marginTop":"3"},"indexed":true,"layout":{"marginBottom":1,"marginTop":1}},"id":"40cd6b6a-8bf1-40f5-1219-109afdfb441a","pageElements":[{"definition":{"fragment":{"key":"BASIC_COMPONENT-paragraph"},"fragmentConfig":{},"fragmentFields":[],"fragmentStyle":{"backgroundColor":"colorBrandPrimaryLighten1","fontFamily":"Roboto, Oxygen-Sans, Ubuntu, Cantarell, 'Helvetica Neue', Arial, sans-serif, 'Apple Color Emoji', 'Segoe UI Emoji', 'Segoe UI Symbol'","fontSize":"1.75rem","marginLeft":"9","marginRight":"9","paddingBottom":"5","paddingTop":"5","textAlign":"center","textColor":"colorBrandPrimaryLighten6"},"indexed":true},"id":"7cafb4ef-ab2f-3d2b-30f2-b75f54f2b3e8","type":"Fragment"}],"type":"Section"},{"definition":{"indexed":true,"layout":{}},"id":"7ac76594-3636-4cb4-74aa-35814ffdd9fc","pageElements":[{"definition":{"fragmentStyle":{"marginLeft":"9","marginRight":"9"},"gutters":true,"indexed":true,"modulesPerRow":3,"numberOfColumns":3,"reverseOrder":false,"rowViewports":[{"id":"landscapeMobile","rowViewportDefinition":{"modulesPerRow":1}},{"id":"portraitMobile","rowViewportDefinition":{}},{"id":"tablet","rowViewportDefinition":{}}],"verticalAlignment":"bottom"},"id":"ff733866-d20e-792b-a080-c95c373a62f1","pageElements":[{"definition":{"columnViewports":[{"columnViewportDefinition":{"size":12},"id":"landscapeMobile"},{"columnViewportDefinition":{},"id":"portraitMobile"},{"columnViewportDefinition":{},"id":"tablet"}],"size":4},"id":"f2ffe942-9acf-242f-9d4c-0e36a232a326","pageElements":[{"definition":{"fragment":{"key":"BASIC_COMPONENT-card"},"fragmentConfig":{"imageSize":"w-100"},"fragmentFields":[],"indexed":true},"id":"e8bc5fba-a1cd-2948-65ec-1f56d1387320","type":"Fragment"}],"type":"Column"},{"definition":{"columnViewports":[{"columnViewportDefinition":{"size":12},"id":"landscapeMobile"},{"columnViewportDefinition":{},"id":"portraitMobile"},{"columnViewportDefinition":{},"id":"tablet"}],"size":4},"id":"763097a6-0f1b-64e8-971b-bc82bbb41a2a","pageElements":[{"definition":{"fragment":{"key":"BASIC_COMPONENT-card"},"fragmentConfig":{"imageSize":"w-100"},"fragmentFields":[],"indexed":true},"id":"8b62df4e-91dc-11ed-f985-8096ef799381","type":"Fragment"}],"type":"Column"},{"definition":{"columnViewports":[{"columnViewportDefinition":{"size":12},"id":"landscapeMobile"},{"columnViewportDefinition":{},"id":"portraitMobile"},{"columnViewportDefinition":{},"id":"tablet"}],"size":4},"id":"430c4616-bb6a-b035-408c-9b683f2e5289","pageElements":[{"definition":{"fragment":{"key":"BASIC_COMPONENT-card"},"fragmentConfig":{"imageSize":"w-100"},"fragmentFields":[],"indexed":true},"id":"25bdcae6-b65b-6f93-a0e6-11ba55c8aac8","type":"Fragment"}],"type":"Column"}],"type":"Row"}],"type":"Section"}],"type":"Section"}