{"definition":{"indexed":true,"layout":{}},"pageElements":[{"definition":{"cssClasses":["outer-container"],"fragmentStyle":{"backgroundColor":"","marginLeft":"9","marginRight":"9","marginTop":"6","textAlign":"center"},"indexed":true,"layout":{"align":"Center","contentDisplay":"FlexColumn","marginTop":6}},"pageElements":[{"definition":{"fragment":{"key":"BASIC_COMPONENT-heading"},"fragmentConfig":{"headingLevel":"h1"},"fragmentFields":[],"fragmentStyle":{"textColor":"colorBrandPrimaryDarken3"},"indexed":true},"type":"Fragment"},{"definition":{"fragment":{"key":"BASIC_COMPONENT-paragraph"},"fragmentConfig":{},"fragmentFields":[],"fragmentStyle":{"fontWeight":"fontWeightLighter","paddingBottom":"5","paddingTop":"2","textColor":"colorBrandPrimaryDarken3"},"indexed":true},"type":"Fragment"}],"type":"Section"},{"definition":{"indexed":true,"layout":{}},"pageElements":[{"definition":{"fragmentStyle":{"marginBottom":"7","marginLeft":"9","marginRight":"9"},"indexed":true,"layout":{"align":"Center","contentDisplay":"FlexColumn","marginBottom":8}},"pageElements":[{"definition":{"formConfig":{"formReference":{"className":"com.liferay.object.model.ObjectDefinition#33625","classType":0}},"fragmentStyle":{"backgroundColor":"colorBrandPrimaryLighten4","borderRadius":"10px","paddingBottom":"3","paddingLeft":"4","paddingRight":"4","paddingTop":"2","textColor":""},"indexed":true,"layout":{}},"pageElements":[{"definition":{"fragment":{"key":"INPUTS-text-input"},"fragmentConfig":{"showCharactersCount":false,"placeholder":"","inputFieldId":"ObjectField_fullName"},"fragmentFields":[],"fragmentStyle":{"paddingBottom":"1"},"indexed":true},"type":"Fragment"},{"definition":{"fragment":{"key":"INPUTS-text-input"},"fragmentConfig":{"showCharactersCount":false,"placeholder":"","inputFieldId":"ObjectField_emailAddress"},"fragmentFields":[],"indexed":true},"type":"Fragment"},{"definition":{"fragment":{"key":"BASIC_COMPONENT-paragraph"},"fragmentConfig":{},"fragmentFields":[],"fragmentStyle":{"fontSize":"0.875rem","paddingBottom":"1"},"indexed":true},"type":"Fragment"},{"definition":{"fragment":{"key":"INPUTS-text-input"},"fragmentConfig":{"showCharactersCount":false,"placeholder":"","inputFieldId":"ObjectField_phone"},"fragmentFields":[],"indexed":true},"type":"Fragment"},{"definition":{"fragment":{"key":"BASIC_COMPONENT-paragraph"},"fragmentConfig":{},"fragmentFields":[],"fragmentStyle":{"fontSize":"0.875rem","paddingBottom":"1"},"indexed":true},"type":"Fragment"},{"definition":{"fragment":{"key":"INPUTS-select-from-list"},"fragmentConfig":{"inputFieldId":"ObjectField_selectState"},"fragmentFields":[],"fragmentStyle":{"paddingBottom":"1"},"indexed":true},"type":"Fragment"},{"definition":{"fragment":{"key":"INPUTS-text-input"},"fragmentConfig":{"showCharactersCount":false,"placeholder":"","inputFieldId":"ObjectField_selectCity"},"fragmentFields":[],"fragmentStyle":{"paddingBottom":"1"},"indexed":true},"type":"Fragment"},{"definition":{"fragment":{"key":"INPUTS-textarea"},"fragmentConfig":{"showCharactersCount":false,"numberOfLines":5,"placeholder":"","inputFieldId":"ObjectField_comment"},"fragmentFields":[],"indexed":true},"type":"Fragment"},{"definition":{"indexed":true,"layout":{"align":"End","contentDisplay":"FlexRow","justify":"End"}},"pageElements":[{"definition":{"fragment":{"key":"submit-button-(copy)","siteKey":"Clarity"},"fragmentConfig":{"buttonType":"outline-primary","submittedEntryStatus":"approved","buttonSize":"nm"},"fragmentFields":[],"fragmentStyle":{"marginRight":"4"},"indexed":true},"type":"Fragment"},{"definition":{"fragment":{"key":"INPUTS-submit-button"},"fragmentConfig":{"buttonType":"primary","submittedEntryStatus":"approved","buttonSize":"nm"},"fragmentFields":[],"fragmentStyle":{"paddingTop":"3"},"indexed":true},"type":"Fragment"}],"type":"Section"}],"type":"Form"}],"type":"Section"}],"type":"Section"},{"definition":{"fragmentStyle":{"backgroundColor":"colorBrandPrimaryLighten4","backgroundFragmentImage":{}},"indexed":true,"layout":{"align":"Center","contentDisplay":"FlexRow","justify":"Center"}},"pageElements":[{"definition":{"gutters":true,"indexed":true,"modulesPerRow":3,"numberOfColumns":3,"reverseOrder":false,"rowViewports":[{"id":"landscapeMobile","rowViewportDefinition":{"modulesPerRow":1}},{"id":"portraitMobile","rowViewportDefinition":{}},{"id":"tablet","rowViewportDefinition":{}}],"verticalAlignment":"top"},"pageElements":[{"definition":{"columnViewports":[{"columnViewportDefinition":{"size":12},"id":"landscapeMobile"},{"columnViewportDefinition":{},"id":"portraitMobile"},{"columnViewportDefinition":{},"id":"tablet"}],"size":4},"pageElements":[{"definition":{"fragmentStyle":{"marginBottom":"3","marginTop":"4"},"gutters":false,"indexed":true,"modulesPerRow":2,"numberOfColumns":2,"reverseOrder":false,"rowViewports":[{"id":"landscapeMobile","rowViewportDefinition":{"modulesPerRow":1}},{"id":"portraitMobile","rowViewportDefinition":{}},{"id":"tablet","rowViewportDefinition":{}}],"verticalAlignment":"top"},"pageElements":[{"definition":{"columnViewports":[{"columnViewportDefinition":{"size":12},"id":"landscapeMobile"},{"columnViewportDefinition":{},"id":"portraitMobile"},{"columnViewportDefinition":{},"id":"tablet"}],"size":2},"pageElements":[{"definition":{"fragment":{"key":"BASIC_COMPONENT-image"},"fragmentConfig":{"imageSize":"w-0"},"fragmentFields":[],"fragmentStyle":{"paddingRight":"1","textAlign":"right"},"indexed":true},"type":"Fragment"}],"type":"Column"},{"definition":{"columnViewports":[{"columnViewportDefinition":{"size":12},"id":"landscapeMobile"},{"columnViewportDefinition":{},"id":"portraitMobile"},{"columnViewportDefinition":{},"id":"tablet"}],"size":10},"pageElements":[{"definition":{"fragment":{"key":"BASIC_COMPONENT-heading"},"fragmentConfig":{"headingLevel":"h5"},"fragmentFields":[],"fragmentStyle":{"textColor":"colorBrandPrimaryDarken3"},"indexed":true},"type":"Fragment"},{"definition":{"fragment":{"key":"BASIC_COMPONENT-paragraph"},"fragmentConfig":{},"fragmentFields":[],"fragmentStyle":{"fontSize":"0.875rem","paddingTop":"3","textColor":"colorBrandPrimaryDarken2"},"indexed":true},"type":"Fragment"}],"type":"Column"}],"type":"Row"}],"type":"Column"},{"definition":{"columnViewports":[{"columnViewportDefinition":{"size":12},"id":"landscapeMobile"},{"columnViewportDefinition":{},"id":"portraitMobile"},{"columnViewportDefinition":{},"id":"tablet"}],"size":4},"pageElements":[{"definition":{"fragmentStyle":{"marginBottom":"3","marginTop":"4"},"gutters":false,"indexed":true,"modulesPerRow":2,"numberOfColumns":2,"reverseOrder":false,"rowViewports":[{"id":"landscapeMobile","rowViewportDefinition":{"modulesPerRow":1}},{"id":"portraitMobile","rowViewportDefinition":{}},{"id":"tablet","rowViewportDefinition":{}}],"verticalAlignment":"top"},"pageElements":[{"definition":{"columnViewports":[{"columnViewportDefinition":{"size":12},"id":"landscapeMobile"},{"columnViewportDefinition":{},"id":"portraitMobile"},{"columnViewportDefinition":{},"id":"tablet"}],"size":2},"pageElements":[{"definition":{"fragment":{"key":"BASIC_COMPONENT-image"},"fragmentConfig":{"imageSize":"w-0"},"fragmentFields":[],"fragmentStyle":{"paddingRight":"1","textAlign":"right"},"indexed":true},"type":"Fragment"}],"type":"Column"},{"definition":{"columnViewports":[{"columnViewportDefinition":{"size":12},"id":"landscapeMobile"},{"columnViewportDefinition":{},"id":"portraitMobile"},{"columnViewportDefinition":{},"id":"tablet"}],"size":10},"pageElements":[{"definition":{"fragment":{"key":"BASIC_COMPONENT-heading"},"fragmentConfig":{"headingLevel":"h5"},"fragmentFields":[],"fragmentStyle":{"textColor":"colorBrandPrimaryDarken3"},"indexed":true},"type":"Fragment"},{"definition":{"fragment":{"key":"BASIC_COMPONENT-paragraph"},"fragmentConfig":{},"fragmentFields":[],"fragmentStyle":{"fontSize":"0.875rem","paddingTop":"3","textColor":"colorBrandPrimaryDarken2"},"indexed":true},"type":"Fragment"}],"type":"Column"}],"type":"Row"}],"type":"Column"},{"definition":{"columnViewports":[{"columnViewportDefinition":{"size":12},"id":"landscapeMobile"},{"columnViewportDefinition":{},"id":"portraitMobile"},{"columnViewportDefinition":{},"id":"tablet"}],"size":4},"pageElements":[{"definition":{"fragmentStyle":{"marginBottom":"3","marginTop":"4"},"gutters":false,"indexed":true,"modulesPerRow":2,"numberOfColumns":2,"reverseOrder":false,"rowViewports":[{"id":"landscapeMobile","rowViewportDefinition":{"modulesPerRow":1}},{"id":"portraitMobile","rowViewportDefinition":{}},{"id":"tablet","rowViewportDefinition":{}}],"verticalAlignment":"top"},"pageElements":[{"definition":{"columnViewports":[{"columnViewportDefinition":{"size":12},"id":"landscapeMobile"},{"columnViewportDefinition":{},"id":"portraitMobile"},{"columnViewportDefinition":{},"id":"tablet"}],"size":2},"pageElements":[{"definition":{"fragment":{"key":"BASIC_COMPONENT-image"},"fragmentConfig":{"imageSize":"w-0"},"fragmentFields":[],"fragmentStyle":{"paddingRight":"1","textAlign":"right"},"indexed":true},"type":"Fragment"}],"type":"Column"},{"definition":{"columnViewports":[{"columnViewportDefinition":{"size":12},"id":"landscapeMobile"},{"columnViewportDefinition":{},"id":"portraitMobile"},{"columnViewportDefinition":{},"id":"tablet"}],"size":10},"pageElements":[{"definition":{"fragment":{"key":"BASIC_COMPONENT-heading"},"fragmentConfig":{"headingLevel":"h5"},"fragmentFields":[],"fragmentStyle":{"textColor":"colorBrandPrimaryDarken3"},"indexed":true},"type":"Fragment"},{"definition":{"fragment":{"key":"BASIC_COMPONENT-paragraph"},"fragmentConfig":{},"fragmentFields":[],"fragmentStyle":{"fontSize":"0.875rem","paddingTop":"3","textColor":"colorBrandPrimaryDarken2"},"indexed":true},"type":"Fragment"}],"type":"Column"}],"type":"Row"}],"type":"Column"}],"type":"Row"}],"type":"Section"}],"type":"Section"}