{"definition":{"fragmentStyle":{"backgroundFragmentImage":{"title":{"value":"footer-background.svg"},"url":{"value":"/documents/d/guest/footer-background-svg?imagePreview=1"}},"borderColor":"#5c2727","marginTop":"3","paddingBottom":"5","paddingTop":"4","textColor":"colorBrandSecondaryLighten1"},"indexed":true,"layout":{"borderColor":"#5c2727","marginTop":1,"paddingBottom":4,"paddingTop":2}},"id":"a04851c8-9f31-c6eb-01f6-2f2f24b33b79","pageElements":[{"definition":{"fragmentStyle":{"borderWidth":"0","paddingBottom":"6","paddingLeft":"7","paddingRight":"7","paddingTop":"6"},"indexed":true,"layout":{"paddingBottom":6,"paddingLeft":8,"paddingRight":8,"paddingTop":6}},"id":"c2008a42-938d-0cb8-05ab-5980b861075a","pageElements":[{"definition":{"fragmentStyle":{"marginBottom":"6"},"gutters":true,"indexed":true,"modulesPerRow":5,"numberOfColumns":5,"reverseOrder":false,"rowViewports":[{"id":"landscapeMobile","rowViewportDefinition":{"modulesPerRow":1}},{"id":"portraitMobile","rowViewportDefinition":{}},{"id":"tablet","rowViewportDefinition":{}}],"verticalAlignment":"top"},"id":"0b9bb5d5-873a-d922-4191-e7612512e93b","pageElements":[{"definition":{"columnViewports":[{"columnViewportDefinition":{"size":12},"id":"landscapeMobile"},{"columnViewportDefinition":{},"id":"portraitMobile"},{"columnViewportDefinition":{},"id":"tablet"}],"size":2},"id":"98e2b2ee-6667-b031-74b2-13f3aed9f0a3","pageElements":[{"definition":{"fragmentStyle":{"borderWidth":"0","height":"64px","marginTop":"3","width":"150px"},"indexed":true,"layout":{"marginTop":1}},"id":"e5a5f8af-98ac-9740-c159-2ec686eb2e96","pageElements":[{"definition":{"fragment":{"key":"BASIC_COMPONENT-image"},"fragmentConfig":{"imageSize":"w-100"},"fragmentFields":[],"indexed":true},"id":"541157f5-c7b0-8b05-12b3-329974a6a131","type":"Fragment"}],"type":"Section"}],"type":"Column"},{"definition":{"columnViewports":[{"columnViewportDefinition":{"size":12},"id":"landscapeMobile"},{"columnViewportDefinition":{},"id":"portraitMobile"},{"columnViewportDefinition":{},"id":"tablet"}],"size":2},"id":"217f1149-8c70-11d2-6982-4c9228fad33b","pageElements":[{"definition":{"fragmentStyle":{"borderWidth":"0","paddingTop":"3"},"indexed":true,"layout":{"paddingTop":1}},"id":"9c99ec6b-a582-a9ad-ee81-9285e14c50e3","pageElements":[{"definition":{"fragment":{"key":"DIALECT-dialect-text"},"fragmentConfig":{"textType":"text-small-caps","truncateText":false},"fragmentFields":[],"fragmentStyle":{"fontWeight":"fontWeightBold","paddingLeft":"3","textColor":"colorBrandPrimaryLighten6"},"indexed":true},"id":"5044bce2-0fdf-8118-d050-19522de2e940","type":"Fragment"},{"definition":{"cssClasses":["clarity-vertical-nav"],"widgetInstance":{"widgetConfig":{"displayStyle":"ddmTemplate_NAV-PILLS-STACKED-FTL","displayDepth":"2","siteNavigationMenuName":"Footer Clarity Menu","siteNavigationMenuType":"-1","rootMenuItemType":"absolute","expandedLevels":"auto","rootMenuItemLevel":"0","displayStyleGroupId":"32834"},"widgetName":"com_liferay_site_navigation_menu_web_portlet_SiteNavigationMenuPortlet"}},"id":"ca46ecce-21bc-7c1d-d1c9-2c2958e42be0","type":"Widget"}],"type":"Section"}],"type":"Column"},{"definition":{"columnViewports":[{"columnViewportDefinition":{"size":12},"id":"landscapeMobile"},{"columnViewportDefinition":{},"id":"portraitMobile"},{"columnViewportDefinition":{},"id":"tablet"}],"size":2},"id":"ec74acd8-c2f0-5e1b-4272-662a7e83632e","pageElements":[{"definition":{"fragmentStyle":{"borderWidth":"0","paddingTop":"3"},"indexed":true,"layout":{"paddingTop":1}},"id":"a61551c6-28b7-2ad6-e55b-d29f171d1835","pageElements":[{"definition":{"fragment":{"key":"DIALECT-dialect-text"},"fragmentConfig":{"textType":"text-small-caps","truncateText":false},"fragmentFields":[],"fragmentStyle":{"fontWeight":"fontWeightBold","paddingLeft":"3","textColor":"colorBrandPrimaryLighten6"},"indexed":true},"id":"21c146ab-f068-9b3f-4014-0781ad716abb","type":"Fragment"},{"definition":{"cssClasses":["clarity-vertical-nav"],"widgetInstance":{"widgetConfig":{"displayStyle":"ddmTemplate_NAV-PILLS-STACKED-FTL","displayDepth":"2","siteNavigationMenuName":"Footer Trial Menu","siteNavigationMenuType":"-1","rootMenuItemType":"absolute","expandedLevels":"auto","rootMenuItemLevel":"0","displayStyleGroupId":"32834"},"widgetName":"com_liferay_site_navigation_menu_web_portlet_SiteNavigationMenuPortlet"}},"id":"9b0c1265-009b-1b86-0d55-2aa059272fbc","type":"Widget"}],"type":"Section"}],"type":"Column"},{"definition":{"columnViewports":[{"columnViewportDefinition":{"size":12},"id":"landscapeMobile"},{"columnViewportDefinition":{},"id":"portraitMobile"},{"columnViewportDefinition":{},"id":"tablet"}],"size":3},"id":"e57d2306-08aa-60a2-855f-1364f9c562f8","pageElements":[{"definition":{"fragmentStyle":{"borderWidth":"0","paddingTop":"3"},"indexed":true,"layout":{"paddingTop":1}},"id":"bd9fa61e-9e25-0f49-88fd-58a1bbebe52c","pageElements":[{"definition":{"fragment":{"key":"DIALECT-dialect-text"},"fragmentConfig":{"textType":"text-small-caps","truncateText":false},"fragmentFields":[],"fragmentStyle":{"fontWeight":"fontWeightBold","paddingLeft":"3","textColor":"colorBrandPrimaryLighten6"},"indexed":true},"id":"1dee6c12-5f01-39ae-396a-072d6697a58e","type":"Fragment"},{"definition":{"cssClasses":["clarity-vertical-nav"],"widgetInstance":{"widgetConfig":{"displayStyle":"ddmTemplate_NAV-PILLS-STACKED-FTL","displayDepth":"2","siteNavigationMenuName":"Footer Liferay Menu","siteNavigationMenuType":"-1","rootMenuItemType":"absolute","expandedLevels":"auto","rootMenuItemLevel":"0","displayStyleGroupId":"32834"},"widgetName":"com_liferay_site_navigation_menu_web_portlet_SiteNavigationMenuPortlet"}},"id":"503e2071-6770-5643-88be-8e571e815dbc","type":"Widget"}],"type":"Section"}],"type":"Column"},{"definition":{"columnViewports":[{"columnViewportDefinition":{"size":12},"id":"landscapeMobile"},{"columnViewportDefinition":{},"id":"portraitMobile"},{"columnViewportDefinition":{},"id":"tablet"}],"size":3},"id":"ad5cbbb3-973e-5e4e-1f97-9b605747036c","pageElements":[{"definition":{"fragmentStyle":{"borderWidth":"0","paddingTop":"3"},"indexed":true,"layout":{"paddingTop":1}},"id":"c7bb8350-7119-788b-5b7c-60e754c962f9","pageElements":[{"definition":{"fragment":{"key":"DIALECT-dialect-text"},"fragmentConfig":{"textType":"text-small-caps","truncateText":false},"fragmentFields":[],"fragmentStyle":{"fontWeight":"fontWeightBold","paddingLeft":"3","textColor":"colorBrandPrimaryLighten6"},"indexed":true},"id":"503a140c-3aaf-96af-a8fc-d698c855273d","type":"Fragment"},{"definition":{"fragment":{"key":"DIALECT-dialect-text"},"fragmentConfig":{"textType":"text-paragraph-sm","truncateText":false},"fragmentFields":[],"fragmentStyle":{"marginBottom":"2","marginTop":"2","paddingLeft":"3","textColor":"colorBrandPrimaryLighten5"},"indexed":true},"id":"cffacb15-dbcc-0c27-d452-414d8a77b70a","type":"Fragment"},{"definition":{"fragment":{"key":"DIALECT-dialect-button"},"fragmentConfig":{"uppercase":false,"style":"primary","type":"borderless","inverted":false,"buttonSize":""},"fragmentFields":[],"indexed":true},"id":"606e0a81-ab3f-d4f2-e459-d916d9a19007","type":"Fragment"},{"definition":{"fragmentStyle":{"borderWidth":"0","marginTop":"3","paddingBottom":"2","paddingLeft":"3","paddingRight":"2","paddingTop":"2"},"indexed":true,"layout":{"contentDisplay":"FlexRow","marginTop":1,"paddingLeft":1}},"id":"66a7ed62-d950-c71e-412b-90e1a1d224a5","type":"Section"}],"type":"Section"}],"type":"Column"}],"type":"Row"},{"definition":{"fragmentStyle":{"backgroundColor":"colorBrandPrimaryLighten6","borderWidth":"0","height":"2px","opacity":"20","width":"100%"},"indexed":true,"layout":{"opacity":20}},"id":"32fa4eb6-52b3-c131-dee5-9849685fb14a","type":"Section"},{"definition":{"fragmentStyle":{"marginTop":"4"},"gutters":true,"indexed":true,"modulesPerRow":3,"numberOfColumns":3,"reverseOrder":false,"rowViewports":[{"id":"landscapeMobile","rowViewportDefinition":{"modulesPerRow":1}},{"id":"portraitMobile","rowViewportDefinition":{}},{"id":"tablet","rowViewportDefinition":{}}],"verticalAlignment":"top"},"id":"d3720b9f-ae0c-ed16-8623-93316b7d37b1","pageElements":[{"definition":{"columnViewports":[{"columnViewportDefinition":{"size":12},"id":"landscapeMobile"},{"columnViewportDefinition":{},"id":"portraitMobile"},{"columnViewportDefinition":{},"id":"tablet"}],"size":4},"id":"e34747c1-7d71-3a60-67fe-7ac3277cc3c3","pageElements":[{"definition":{"fragmentStyle":{"borderWidth":"0","paddingBottom":"1","paddingLeft":"1","paddingTop":"1"},"indexed":true,"layout":{"contentDisplay":"FlexRow"}},"id":"52a13793-61de-feb1-86b8-c78e992c4849","pageElements":[{"definition":{"fragment":{"key":"DIALECT-dialect-button"},"fragmentConfig":{"uppercase":false,"style":"primary","type":"borderless","inverted":false,"buttonSize":"btn-sm"},"fragmentFields":[],"indexed":true},"id":"a8d2afdb-57ad-cb06-1190-240ba8ba7b88","type":"Fragment"},{"definition":{"fragment":{"key":"DIALECT-dialect-button"},"fragmentConfig":{"uppercase":false,"style":"primary","type":"borderless","inverted":false,"buttonSize":"btn-sm"},"fragmentFields":[],"indexed":true},"id":"446e781a-cac3-f9b7-114c-098d884b07b6","type":"Fragment"},{"definition":{"fragment":{"key":"DIALECT-dialect-button"},"fragmentConfig":{"uppercase":false,"style":"primary","type":"borderless","inverted":false,"buttonSize":"btn-sm"},"fragmentFields":[],"indexed":true},"id":"dc7100e1-b7ec-f7fe-fbc9-0433a3b293d0","type":"Fragment"}],"type":"Section"}],"type":"Column"},{"definition":{"columnViewports":[{"columnViewportDefinition":{"size":12},"id":"landscapeMobile"},{"columnViewportDefinition":{},"id":"portraitMobile"},{"columnViewportDefinition":{},"id":"tablet"}],"size":4},"id":"b6be4626-c5c2-e69b-fa95-7fa8dc339fce","pageElements":[{"definition":{"fragment":{"key":"DIALECT-dialect-text"},"fragmentConfig":{"textType":"text-paragraph-sm","truncateText":false},"fragmentFields":[],"fragmentStyle":{"paddingTop":"0.75rem","textAlign":"center","textColor":"colorBrandPrimaryLighten1"},"indexed":true},"id":"d4715fae-03b3-8e56-8212-e1491dee9ae7","type":"Fragment"}],"type":"Column"},{"definition":{"columnViewports":[{"columnViewportDefinition":{"size":12},"id":"landscapeMobile"},{"columnViewportDefinition":{},"id":"portraitMobile"},{"columnViewportDefinition":{},"id":"tablet"}],"size":4},"id":"95dbf951-0285-f83c-8410-c52dc6dff7a2","type":"Column"}],"type":"Row"}],"type":"Section"}],"type":"Section"}