{"definition":{"fragmentStyle":{"backgroundFragmentImage":{"title":{"value":"footer-background"},"url":{"value":"/documents/d/clarity/footer-background-svg"}},"borderColor":"#5c2727","borderWidth":"1px","marginTop":"3","paddingBottom":"5","paddingTop":"4","textColor":"colorBrandSecondaryLighten1"},"indexed":true,"layout":{"borderColor":"#5c2727","marginTop":1,"paddingBottom":4,"paddingTop":2}},"pageElements":[{"definition":{"fragmentStyle":{"borderWidth":"0","paddingBottom":"6","paddingLeft":"7","paddingRight":"7","paddingTop":"6"},"indexed":true,"layout":{"paddingBottom":6,"paddingLeft":8,"paddingRight":8,"paddingTop":6}},"pageElements":[{"definition":{"fragmentStyle":{"marginBottom":"6"},"gutters":true,"indexed":true,"modulesPerRow":5,"numberOfColumns":5,"reverseOrder":false,"rowViewports":[{"id":"landscapeMobile","rowViewportDefinition":{"modulesPerRow":1}},{"id":"portraitMobile","rowViewportDefinition":{}},{"id":"tablet","rowViewportDefinition":{}}],"verticalAlignment":"top"},"pageElements":[{"definition":{"columnViewports":[{"columnViewportDefinition":{"size":12},"id":"landscapeMobile"},{"columnViewportDefinition":{},"id":"portraitMobile"},{"columnViewportDefinition":{},"id":"tablet"}],"size":2},"pageElements":[{"definition":{"fragmentStyle":{"backgroundFragmentImage":{"title":{"value":"Logo-white"},"url":{"value":"/documents/d/clarity/logo-white-svg"}},"borderWidth":"0","height":"64px","marginTop":"3","width":"200px"},"indexed":true,"layout":{"marginTop":1}},"type":"Section"}],"type":"Column"},{"definition":{"columnViewports":[{"columnViewportDefinition":{"size":12},"id":"landscapeMobile"},{"columnViewportDefinition":{},"id":"portraitMobile"},{"columnViewportDefinition":{},"id":"tablet"}],"size":2},"pageElements":[{"definition":{"fragmentStyle":{"borderWidth":"0","paddingTop":"3"},"indexed":true,"layout":{"paddingTop":1}},"pageElements":[{"definition":{"fragment":{"key":"dialect-dialect-text","siteKey":"Clarity"},"fragmentConfig":{"textType":"text-small-caps","truncateText":false},"fragmentFields":[],"fragmentStyle":{"fontWeight":"fontWeightBolder","paddingLeft":"3","textColor":"colorBrandPrimaryLighten6"},"indexed":true},"type":"Fragment"}],"type":"Section"},{"definition":{"cssClasses":["clarity-vertical-nav"],"widgetInstance":{"widgetConfig":{"displayStyle":"ddmTemplate_NAV-PILLS-STACKED-FTL","displayDepth":"2","siteNavigationMenuName":"Footer Clarity Menu","rootMenuItemType":"absolute","siteNavigationMenuType":"-1","expandedLevels":"auto","rootMenuItemLevel":"0","displayStyleGroupId":"32838"},"widgetName":"com_liferay_site_navigation_menu_web_portlet_SiteNavigationMenuPortlet"}},"type":"Widget"}],"type":"Column"},{"definition":{"columnViewports":[{"columnViewportDefinition":{"size":12},"id":"landscapeMobile"},{"columnViewportDefinition":{},"id":"portraitMobile"},{"columnViewportDefinition":{},"id":"tablet"}],"size":2},"pageElements":[{"definition":{"fragmentStyle":{"borderWidth":"0","paddingTop":"3"},"indexed":true,"layout":{"paddingTop":1}},"pageElements":[{"definition":{"fragment":{"key":"dialect-dialect-text","siteKey":"Clarity"},"fragmentConfig":{"textType":"text-small-caps","truncateText":false},"fragmentFields":[],"fragmentStyle":{"fontWeight":"fontWeightBolder","paddingLeft":"3","textColor":"colorBrandPrimaryLighten6"},"indexed":true},"type":"Fragment"},{"definition":{"cssClasses":["clarity-vertical-nav"],"widgetInstance":{"widgetConfig":{"displayStyle":"ddmTemplate_NAV-PILLS-STACKED-FTL","displayDepth":"2","siteNavigationMenuName":"Footer Trial Menu","rootMenuItemType":"absolute","siteNavigationMenuType":"-1","expandedLevels":"auto","rootMenuItemLevel":"0","displayStyleGroupId":"32838"},"widgetName":"com_liferay_site_navigation_menu_web_portlet_SiteNavigationMenuPortlet"}},"type":"Widget"}],"type":"Section"}],"type":"Column"},{"definition":{"columnViewports":[{"columnViewportDefinition":{"size":12},"id":"landscapeMobile"},{"columnViewportDefinition":{},"id":"portraitMobile"},{"columnViewportDefinition":{},"id":"tablet"}],"size":3},"pageElements":[{"definition":{"fragmentStyle":{"borderWidth":"0","paddingTop":"3"},"indexed":true,"layout":{"paddingTop":1}},"pageElements":[{"definition":{"fragment":{"key":"dialect-dialect-text","siteKey":"Clarity"},"fragmentConfig":{"textType":"text-small-caps","truncateText":false},"fragmentFields":[],"fragmentStyle":{"fontWeight":"fontWeightBolder","paddingLeft":"3","textColor":"colorBrandPrimaryLighten6"},"indexed":true},"type":"Fragment"},{"definition":{"cssClasses":["clarity-vertical-nav"],"widgetInstance":{"widgetConfig":{"displayStyle":"ddmTemplate_NAV-PILLS-STACKED-FTL","displayDepth":"2","siteNavigationMenuName":"Footer Liferay Menu","rootMenuItemType":"absolute","siteNavigationMenuType":"-1","expandedLevels":"auto","rootMenuItemLevel":"0","displayStyleGroupId":"32838"},"widgetName":"com_liferay_site_navigation_menu_web_portlet_SiteNavigationMenuPortlet"}},"type":"Widget"}],"type":"Section"}],"type":"Column"},{"definition":{"columnViewports":[{"columnViewportDefinition":{"size":12},"id":"landscapeMobile"},{"columnViewportDefinition":{},"id":"portraitMobile"},{"columnViewportDefinition":{},"id":"tablet"}],"size":3},"pageElements":[{"definition":{"fragmentStyle":{"borderWidth":"0","paddingTop":"3"},"indexed":true,"layout":{"paddingTop":1}},"pageElements":[{"definition":{"fragment":{"key":"dialect-dialect-text","siteKey":"Clarity"},"fragmentConfig":{"textType":"text-small-caps","truncateText":false},"fragmentFields":[],"fragmentStyle":{"fontWeight":"fontWeightBolder","paddingLeft":"3","textColor":"colorBrandPrimaryLighten6"},"indexed":true},"type":"Fragment"},{"definition":{"fragment":{"key":"dialect-dialect-text","siteKey":"Clarity"},"fragmentConfig":{"textType":"text-paragraph-sm","truncateText":false},"fragmentFields":[],"fragmentStyle":{"marginTop":"4","opacity":"50","paddingLeft":"3","textColor":"colorBrandPrimaryLighten6"},"indexed":true},"type":"Fragment"},{"definition":{"fragmentStyle":{"borderWidth":"0","marginTop":"3","paddingBottom":"2","paddingLeft":"3","paddingRight":"2","paddingTop":"2"},"indexed":true,"layout":{"contentDisplay":"FlexRow","marginTop":1,"paddingLeft":1}},"pageElements":[{"definition":{"fragment":{"key":"dialect-dialect-button","siteKey":"Clarity"},"fragmentConfig":{"uppercase":false,"style":"primary","type":"solid","inverted":true,"buttonSize":""},"fragmentFields":[],"indexed":true},"type":"Fragment"},{"definition":{"fragment":{"key":"dialect-dialect-button","siteKey":"Clarity"},"fragmentConfig":{"uppercase":false,"style":"primary","type":"solid","inverted":true,"buttonSize":""},"fragmentFields":[],"fragmentStyle":{"marginLeft":"4"},"indexed":true},"type":"Fragment"}],"type":"Section"}],"type":"Section"}],"type":"Column"}],"type":"Row"},{"definition":{"fragmentStyle":{"backgroundColor":"colorBrandPrimaryLighten6","borderWidth":"0","height":"2px","opacity":"20","width":"100%"},"indexed":true,"layout":{"opacity":20}},"type":"Section"},{"definition":{"fragmentStyle":{"marginTop":"4"},"gutters":true,"indexed":true,"modulesPerRow":3,"numberOfColumns":3,"reverseOrder":false,"rowViewports":[{"id":"landscapeMobile","rowViewportDefinition":{"modulesPerRow":1}},{"id":"portraitMobile","rowViewportDefinition":{}},{"id":"tablet","rowViewportDefinition":{}}],"verticalAlignment":"top"},"pageElements":[{"definition":{"columnViewports":[{"columnViewportDefinition":{"size":12},"id":"landscapeMobile"},{"columnViewportDefinition":{},"id":"portraitMobile"},{"columnViewportDefinition":{},"id":"tablet"}],"size":4},"pageElements":[{"definition":{"fragmentStyle":{"borderWidth":"0","paddingBottom":"1","paddingLeft":"1","paddingTop":"1"},"indexed":true,"layout":{"contentDisplay":"FlexRow"}},"pageElements":[{"definition":{"fragment":{"key":"dialect-dialect-button","siteKey":"Clarity"},"fragmentConfig":{"uppercase":false,"style":"secondary","type":"borderless","inverted":true,"buttonSize":"btn-sm"},"fragmentFields":[],"indexed":true},"type":"Fragment"},{"definition":{"fragment":{"key":"dialect-dialect-button","siteKey":"Clarity"},"fragmentConfig":{"uppercase":false,"style":"secondary","type":"borderless","inverted":true,"buttonSize":"btn-sm"},"fragmentFields":[],"fragmentStyle":{"marginLeft":"4"},"indexed":true},"type":"Fragment"}],"type":"Section"}],"type":"Column"},{"definition":{"columnViewports":[{"columnViewportDefinition":{"size":12},"id":"landscapeMobile"},{"columnViewportDefinition":{},"id":"portraitMobile"},{"columnViewportDefinition":{},"id":"tablet"}],"size":4},"pageElements":[{"definition":{"fragment":{"key":"dialect-dialect-text","siteKey":"Clarity"},"fragmentConfig":{"textType":"text-paragraph-sm","truncateText":false},"fragmentFields":[],"fragmentStyle":{"marginTop":"2","opacity":"30","textColor":"colorBrandPrimaryLighten6"},"indexed":true},"type":"Fragment"}],"type":"Column"},{"definition":{"columnViewports":[{"columnViewportDefinition":{"size":12},"id":"landscapeMobile"},{"columnViewportDefinition":{},"id":"portraitMobile"},{"columnViewportDefinition":{},"id":"tablet"}],"size":4},"type":"Column"}],"type":"Row"}],"type":"Section"}],"type":"Section"}