{"definition":{"fragmentStyle":{"backgroundFragmentImage":{},"borderWidth":"0","paddingBottom":"6","paddingLeft":"7","paddingRight":"7","paddingTop":"6"},"indexed":true,"layout":{"paddingBottom":6,"paddingLeft":8,"paddingRight":8,"paddingTop":6}},"id":"9aa6f3f4-5ea4-afa2-5dd7-b1fe4ca103f8","pageElements":[{"definition":{"fragmentStyle":{"marginBottom":"6"},"gutters":true,"indexed":true,"modulesPerRow":3,"numberOfColumns":3,"reverseOrder":false,"rowViewports":[{"id":"landscapeMobile","rowViewportDefinition":{"modulesPerRow":1}},{"id":"portraitMobile","rowViewportDefinition":{}},{"id":"tablet","rowViewportDefinition":{}}],"verticalAlignment":"top"},"id":"46b973b1-21d3-13b6-6fe1-a02d8414d589","pageElements":[{"definition":{"columnViewports":[{"columnViewportDefinition":{"size":12},"id":"landscapeMobile"},{"columnViewportDefinition":{},"id":"portraitMobile"},{"columnViewportDefinition":{},"id":"tablet"}],"size":4},"id":"b48b5f55-478c-5842-fa14-5ffe93cf457e","pageElements":[{"definition":{"fragmentStyle":{"borderWidth":"0","height":"64px","marginTop":"3","width":"200px"},"indexed":true,"layout":{"marginTop":1}},"id":"859737fa-8251-268e-43d1-4af694c6d907","pageElements":[{"definition":{"fragment":{"key":"BASIC_COMPONENT-image"},"fragmentConfig":{"imageSize":"w-100"},"fragmentFields":[],"indexed":true},"id":"86cde2a7-1471-275a-980e-4bc66aabdf3a","type":"Fragment"}],"type":"Section"}],"type":"Column"},{"definition":{"columnViewports":[{"columnViewportDefinition":{"size":12},"id":"landscapeMobile"},{"columnViewportDefinition":{},"id":"portraitMobile"},{"columnViewportDefinition":{},"id":"tablet"}],"size":4},"id":"e386c7ed-bbcf-45f7-67a0-c6c348263ad0","pageElements":[{"definition":{"fragmentStyle":{"borderWidth":"0","paddingTop":"3"},"indexed":true,"layout":{"paddingTop":1}},"id":"fa00b71d-0cae-f14d-e379-146f61a58e98","pageElements":[{"definition":{"fragment":{"key":"dialect-dialect-text","siteKey":"Guest"},"fragmentConfig":{"textType":"text-small-caps","truncateText":false},"fragmentFields":[],"fragmentStyle":{"fontWeight":"fontWeightBolder","paddingLeft":"3","textColor":"whiteColor"},"indexed":true},"id":"5f2dfbac-a9b9-2a68-bc08-cf04c0dc663e","type":"Fragment"},{"definition":{"cssClasses":["clarity-vertical-nav"],"widgetInstance":{"widgetConfig":{"displayStyle":"ddmTemplate_NAV-PILLS-STACKED-FTL","displayDepth":"2","siteNavigationMenuName":"Footer Clarity Menu","siteNavigationMenuType":"-1","rootMenuItemType":"absolute","expandedLevels":"auto","rootMenuItemLevel":"0","displayStyleGroupId":"31682"},"widgetName":"com_liferay_site_navigation_menu_web_portlet_SiteNavigationMenuPortlet"}},"id":"3d96f8d5-3e57-5a37-b420-0c0aca694fb6","type":"Widget"}],"type":"Section"}],"type":"Column"},{"definition":{"columnViewports":[{"columnViewportDefinition":{"size":12},"id":"landscapeMobile"},{"columnViewportDefinition":{},"id":"portraitMobile"},{"columnViewportDefinition":{},"id":"tablet"}],"size":4},"id":"2abe9c32-a194-8614-6cef-8527e1d74057","pageElements":[{"definition":{"fragmentStyle":{"paddingTop":"3"},"indexed":true,"layout":{"paddingTop":1}},"id":"163e0ddb-ebbe-6c03-ca47-e49a5c814c4b","pageElements":[{"definition":{"fragment":{"key":"dialect-dialect-text","siteKey":"Guest"},"fragmentConfig":{"textType":"text-small-caps","truncateText":false},"fragmentFields":[],"fragmentStyle":{"fontWeight":"fontWeightBolder","textColor":"whiteColor"},"indexed":true},"id":"dc5acf83-aeec-62d0-32e6-e72d7644b0d1","type":"Fragment"},{"definition":{"fragment":{"key":"BASIC_COMPONENT-paragraph"},"fragmentConfig":{},"fragmentFields":[],"fragmentStyle":{"marginTop":"2","textColor":"whiteColor"},"indexed":true},"id":"4b97c1fe-7972-5b07-2a74-27b10f72396f","type":"Fragment"}],"type":"Section"}],"type":"Column"}],"type":"Row"},{"definition":{"fragment":{"key":"BASIC_COMPONENT-paragraph"},"fragmentConfig":{},"fragmentFields":[],"fragmentStyle":{"opacity":"50","textColor":"gray100Color"},"indexed":true},"id":"370bd1e6-e6e6-8464-9597-814073492c09","type":"Fragment"}],"type":"Section"}