{"definition":{"fragmentStyle":{"backgroundFragmentImage":{},"borderWidth":"0","paddingBottom":"6","paddingLeft":"7","paddingRight":"7","paddingTop":"6"},"indexed":true,"layout":{"paddingBottom":6,"paddingLeft":8,"paddingRight":8,"paddingTop":6}},"pageElements":[{"definition":{"fragmentStyle":{"marginBottom":"6"},"gutters":true,"indexed":true,"modulesPerRow":3,"numberOfColumns":3,"reverseOrder":false,"rowViewports":[{"id":"landscapeMobile","rowViewportDefinition":{"modulesPerRow":1}},{"id":"portraitMobile","rowViewportDefinition":{}},{"id":"tablet","rowViewportDefinition":{}}],"verticalAlignment":"top"},"pageElements":[{"definition":{"columnViewports":[{"columnViewportDefinition":{"size":12},"id":"landscapeMobile"},{"columnViewportDefinition":{},"id":"portraitMobile"},{"columnViewportDefinition":{},"id":"tablet"}],"size":4},"pageElements":[{"definition":{"fragmentStyle":{"backgroundFragmentImage":{},"borderWidth":"0","height":"64px","marginTop":"3","width":"200px"},"indexed":true,"layout":{"marginTop":1}},"type":"Section"}],"type":"Column"},{"definition":{"columnViewports":[{"columnViewportDefinition":{"size":12},"id":"landscapeMobile"},{"columnViewportDefinition":{},"id":"portraitMobile"},{"columnViewportDefinition":{},"id":"tablet"}],"size":4},"pageElements":[{"definition":{"fragmentStyle":{"borderWidth":"0","paddingTop":"3"},"indexed":true,"layout":{"paddingTop":1}},"pageElements":[{"definition":{"fragment":{"key":"dialect-dialect-text","siteKey":"Guest"},"fragmentConfig":{"textType":"text-small-caps","truncateText":false},"fragmentFields":[],"fragmentStyle":{"fontWeight":"fontWeightBolder","paddingLeft":"3","textColor":"whiteColor"},"indexed":true},"type":"Fragment"},{"definition":{"cssClasses":["clarity-vertical-nav"],"widgetInstance":{"widgetConfig":{"displayStyle":"ddmTemplate_NAV-PILLS-STACKED-FTL","displayDepth":"2","siteNavigationMenuName":"Footer Clarity Menu","siteNavigationMenuType":"-1","rootMenuItemType":"absolute","expandedLevels":"auto","rootMenuItemLevel":"0","displayStyleGroupId":"31682"},"widgetName":"com_liferay_site_navigation_menu_web_portlet_SiteNavigationMenuPortlet"}},"type":"Widget"}],"type":"Section"}],"type":"Column"},{"definition":{"columnViewports":[{"columnViewportDefinition":{"size":12},"id":"landscapeMobile"},{"columnViewportDefinition":{},"id":"portraitMobile"},{"columnViewportDefinition":{},"id":"tablet"}],"size":4},"pageElements":[{"definition":{"fragmentStyle":{"paddingTop":"3"},"indexed":true,"layout":{"paddingTop":1}},"pageElements":[{"definition":{"fragment":{"key":"DIALECT-dialect-text"},"fragmentConfig":{"textType":"text-small-caps","truncateText":false},"fragmentFields":[],"fragmentStyle":{"fontWeight":"fontWeightBolder","textColor":"whiteColor"},"indexed":true},"type":"Fragment"}],"type":"Section"}],"type":"Column"}],"type":"Row"},{"definition":{"fragment":{"key":"BASIC_COMPONENT-paragraph"},"fragmentConfig":{},"fragmentFields":[],"fragmentStyle":{"opacity":"50","textColor":"gray100Color"},"indexed":true},"type":"Fragment"}],"type":"Section"}