{
	"fieldSets": [
		{
			"fields": [
				{
					"label": "source",
					"name": "source",
					"type": "navigationMenuSelector"
				},
				{
					"defaultValue": "horizontal",
					"label": "display-style",
					"name": "displayStyle",
					"type": "select",
					"typeOptions": {
						"validValues": [
							{
								"label": "horizontal",
								"value": "horizontal"
							},
							{
								"label": "stacked",
								"value": "stacked"
							}
						]
					}
				},
				{
					"defaultValue": "-1",
					"label": "sublevels",
					"name": "sublevels",
					"type": "select",
					"typeOptions": {
						"validValues": [
							{
								"label": "all",
								"value": "-1"
							},
							{
								"label": "0",
								"value": "0"
							},
							{
								"label": "1",
								"value": "1"
							},
							{
								"label": "2",
								"value": "2"
							},
							{
								"label": "3",
								"value": "3"
							},
							{
								"label": "4",
								"value": "4"
							},
							{
								"label": "5",
								"value": "5"
							},
							{
								"label": "6",
								"value": "6"
							},
							{
								"label": "7",
								"value": "7"
							},
							{
								"label": "8",
								"value": "8"
							},
							{
								"label": "9",
								"value": "9"
							},
							{
								"label": "10",
								"value": "10"
							},
							{
								"label": "11",
								"value": "11"
							},
							{
								"label": "12",
								"value": "12"
							},
							{
								"label": "13",
								"value": "13"
							},
							{
								"label": "14",
								"value": "14"
							},
							{
								"label": "15",
								"value": "15"
							},
							{
								"label": "17",
								"value": "17"
							},
							{
								"label": "18",
								"value": "18"
							},
							{
								"label": "19",
								"value": "19"
							},
							{
								"label": "20",
								"value": "20"
							}
						]
					}
				}
			]
		},
		{
			"configurationRole": "style",
			"fields": [
				{
					"label": "hovered-item-color",
					"name": "hoveredItemColor",
					"type": "colorPicker"
				},
				{
					"label": "selected-item-color",
					"name": "selectedItemColor",
					"type": "colorPicker"
				}
			]
		}
	]
}