{"definition":{"cssClasses":["mt-auto"],"customCSS":".[$FRAGMENT_CLASS$] {\n   left: 0;\n   bottom: 0;\n   width: 100%;\n   }","fragmentStyle":{"backgroundColor":"","height":"400px","paddingTop":"4","textColor":"#EEF1EE"},"htmlProperties":{"htmlTag":"Footer"},"indexed":true,"layout":{"contentDisplay":"FlexRow","paddingTop":2},"name":"Footer Container"},"pageElements":[{"definition":{"indexed":true,"layout":{"widthType":"Fixed"}},"pageElements":[{"definition":{"fragmentStyle":{"minWidth":"65%"},"gutters":true,"indexed":true,"modulesPerRow":4,"numberOfColumns":4,"reverseOrder":false,"rowViewports":[{"id":"landscapeMobile","rowViewportDefinition":{"modulesPerRow":1}},{"id":"portraitMobile","rowViewportDefinition":{}},{"id":"tablet","rowViewportDefinition":{}}],"verticalAlignment":"top"},"pageElements":[{"definition":{"columnViewports":[{"columnViewportDefinition":{"size":12},"id":"landscapeMobile"},{"columnViewportDefinition":{},"id":"portraitMobile"},{"columnViewportDefinition":{},"id":"tablet"}],"size":4},"pageElements":[{"definition":{"indexed":true,"layout":{"align":"Start","contentDisplay":"FlexColumn","flexWrap":"Wrap"}},"pageElements":[{"definition":{"fragment":{"key":"BASIC_COMPONENT-heading"},"fragmentConfig":{"headingLevel":"h1"},"fragmentFields":[],"fragmentStyle":{"paddingBottom":"3","paddingTop":"7","textColor":"colorBrandPrimaryDarken5"},"indexed":true},"type":"Fragment"},{"definition":{"fragment":{"key":"BASIC_COMPONENT-paragraph"},"fragmentConfig":{},"fragmentFields":[],"fragmentStyle":{"textColor":"colorBrandPrimaryDarken5"},"indexed":true},"type":"Fragment"},{"definition":{"fragment":{"key":"BASIC_COMPONENT-paragraph"},"fragmentConfig":{},"fragmentFields":[],"fragmentStyle":{"paddingTop":"3","textColor":"colorBrandPrimaryDarken5"},"indexed":true},"type":"Fragment"}],"type":"Section"}],"type":"Column"},{"definition":{"columnViewports":[{"columnViewportDefinition":{"size":12},"id":"landscapeMobile"},{"columnViewportDefinition":{},"id":"portraitMobile"},{"columnViewportDefinition":{},"id":"tablet"}],"size":3},"pageElements":[{"definition":{"customCSS":".[$FRAGMENT_CLASS$] {\n}","indexed":true,"layout":{"align":"Start","contentDisplay":"FlexColumn","flexWrap":"Wrap"}},"pageElements":[{"definition":{"fragment":{"key":"BASIC_COMPONENT-heading"},"fragmentConfig":{"headingLevel":"h1"},"fragmentFields":[],"fragmentStyle":{"paddingTop":"7","textColor":"colorBrandPrimaryDarken5"},"indexed":true},"type":"Fragment"},{"definition":{"customCSS":".[$FRAGMENT_CLASS$] {\n}","fragment":{"key":"BASIC_COMPONENT-html"},"fragmentConfig":{},"fragmentFields":[],"fragmentStyle":{"textColor":""},"indexed":true},"type":"Fragment"}],"type":"Section"}],"type":"Column"},{"definition":{"columnViewports":[{"columnViewportDefinition":{"size":12},"id":"landscapeMobile"},{"columnViewportDefinition":{},"id":"portraitMobile"},{"columnViewportDefinition":{},"id":"tablet"}],"size":2},"pageElements":[{"definition":{"indexed":true,"layout":{"align":"Start","contentDisplay":"FlexColumn","flexWrap":"Wrap"}},"pageElements":[{"definition":{"fragment":{"key":"BASIC_COMPONENT-heading"},"fragmentConfig":{"headingLevel":"h1"},"fragmentFields":[],"fragmentStyle":{"paddingTop":"7","textColor":"colorBrandPrimaryDarken5"},"indexed":true},"type":"Fragment"},{"definition":{"customCSS":".[$FRAGMENT_CLASS$] {\n}","fragment":{"key":"BASIC_COMPONENT-html"},"fragmentConfig":{},"fragmentFields":[],"fragmentStyle":{"textColor":""},"indexed":true},"type":"Fragment"}],"type":"Section"}],"type":"Column"},{"definition":{"columnViewports":[{"columnViewportDefinition":{"size":12},"id":"landscapeMobile"},{"columnViewportDefinition":{},"id":"portraitMobile"},{"columnViewportDefinition":{},"id":"tablet"}],"size":3},"pageElements":[{"definition":{"indexed":true,"layout":{"align":"Start","contentDisplay":"FlexColumn","flexWrap":"Wrap"}},"pageElements":[{"definition":{"fragment":{"key":"BASIC_COMPONENT-image"},"fragmentConfig":{"imageSize":"w-100"},"fragmentFields":[],"indexed":true},"type":"Fragment"}],"type":"Section"}],"type":"Column"}],"type":"Row"}],"type":"Section"}],"type":"Section"}