{
	"definition": {
		"customCSS": ".[$FRAGMENT_CLASS$] {\n    background-position: 0 0 !important;\n    background-repeat: repeat;\n    background-color : transparent;\n}\n",
		"fragmentStyle": {
			"backgroundFragmentImage": {
				"title": {
					"value": "header-background.svg"
				},
				"url": {
					"value": "/documents/d/template-31717/header-background-svg?imagePreview=1"
				}
			},
			"borderWidth": "0"
		},
		"indexed": true,
		"layout": {
		},
		"name": "Header"
	},
	"id": "78d89237-de3c-8479-e564-6f2f62bec236",
	"pageElements": [
		{
			"definition": {
				"fragmentStyle": {
					"backgroundFragmentImage": {
					},
					"borderWidth": "0",
					"paddingLeft": "6",
					"paddingRight": "6",
					"textColor": "colorBrandPrimaryLighten6"
				},
				"indexed": true,
				"layout": {
					"align": "Center",
					"contentDisplay": "FlexRow",
					"flexWrap": "Wrap",
					"justify": "SpaceBetween",
					"paddingLeft": 6,
					"paddingRight": 6,
					"widthType": "Fixed"
				},
				"name": "Inner Container"
			},
			"id": "03ae344a-a3e8-ed83-3b2e-2fc97fb3104a",
			"pageElements": [
				{
					"definition": {
						"fragment": {
							"key": "BASIC_COMPONENT-image"
						},
						"fragmentConfig": {
							"imageSize": "w-0"
						},
						"fragmentFields": [
						],
						"fragmentStyle": {
							"height": "64px",
							"paddingTop": "2"
						},
						"indexed": true,
						"name": "Logo"
					},
					"id": "28a379ad-2f1e-0db4-f6d7-367f1d9a7e16",
					"type": "Fragment"
				},
				{
					"definition": {
						"fragmentStyle": {
							"borderWidth": "0",
							"paddingTop": "1"
						},
						"indexed": true,
						"layout": {
							"align": "Start",
							"contentDisplay": "FlexRow",
							"flexWrap": "Wrap"
						},
						"name": "Icons"
					},
					"id": "6d0713c3-5ae3-b64b-66f1-a34f8925fe62",
					"pageElements": [
						{
							"definition": {
								"cssClasses": [
									"clarity-horizontal-nav"
								],
								"widgetInstance": {
									"widgetConfig": {
										"displayDepth": "2",
										"displayStyle": "ddmTemplate_NAVBAR-BLANK-FTL",
										"displayStyleGroupId": "32834",
										"expandedLevels": "auto",
										"rootMenuItemLevel": "0",
										"rootMenuItemType": "absolute",
										"siteNavigationMenuName": "Main Menu",
										"siteNavigationMenuType": "-1"
									},
									"widgetName": "com_liferay_site_navigation_menu_web_portlet_SiteNavigationMenuPortlet"
								}
							},
							"id": "cd244d79-2dfc-5c46-6dc4-e1e0c32855ee",
							"type": "Widget"
						},
						{
							"definition": {
								"fragmentStyle": {
									"borderWidth": "0",
									"fontWeight": "fontWeightBolder",
									"marginLeft": "4",
									"paddingTop": "2",
									"textColor": "colorNeutral7"
								},
								"indexed": true,
								"layout": {
									"marginLeft": 2
								}
							},
							"id": "f97df059-2307-e156-c9ac-9d84ab00701c",
							"pageElements": [
								{
									"definition": {
										"fragment": {
											"key": "icon-button",
											"siteKey": "31717"
										},
										"fragmentConfig": {
											"iconName": "search",
											"iconSize": "16px"
										},
										"fragmentFields": [
										],
										"fragmentStyle": {
											"textColor": "colorBrandPrimaryLighten6"
										},
										"indexed": true
									},
									"id": "395153ad-5f29-c694-dbc1-bc7902837d5e",
									"type": "Fragment"
								}
							],
							"type": "Section"
						},
						{
							"definition": {
								"fragment": {
									"key": "user-personal-bar",
									"siteKey": "31717"
								},
								"fragmentConfig": {
								},
								"fragmentFields": [
								],
								"fragmentStyle": {
									"borderColor": "colorBrandPrimary",
									"marginLeft": "4",
									"marginTop": "1"
								},
								"indexed": true
							},
							"id": "0811244d-69c0-4a84-c366-f6ab002d2149",
							"type": "Fragment"
						}
					],
					"type": "Section"
				}
			],
			"type": "Section"
		}
	],
	"type": "Section"
}