{"definition":{"indexed":true,"layout":{},"name":"Outer Container"},"id":"1f824a28-6e3b-2561-b978-a33c61d46377","pageElements":[{"definition":{"indexed":true,"layout":{"align":"Center","contentDisplay":"FlexColumn"},"name":"Inner Container"},"id":"f7709b95-792a-3937-3fa2-28f70ab260bb","pageElements":[{"definition":{"fragmentStyle":{"borderColor":"colorNeutral2","borderRadius":"10px","borderWidth":"1px","marginBottom":"5rem","marginTop":"2.5rem","maxWidth":"600px","paddingBottom":"2rem","paddingLeft":"2rem","paddingRight":"2rem","paddingTop":"2rem"},"indexed":true,"layout":{"borderColor":"colorNeutral2"},"name":"Form"},"id":"2cd50b12-f9d7-d069-629f-856612b3d800","pageElements":[{"definition":{"cssClasses":["outer-container"],"fragmentStyle":{"backgroundColor":"","paddingBottom":"2rem"},"indexed":true,"layout":{"align":"Start","contentDisplay":"FlexColumn"},"name":"Header"},"id":"a32571f0-0750-4332-1da4-7897126afc83","pageElements":[{"definition":{"fragment":{"key":"BASIC_COMPONENT-heading"},"fragmentConfig":{"headingLevel":"h3"},"fragmentFields":[],"fragmentStyle":{"textColor":"colorBrandPrimaryDarken3"},"indexed":true},"id":"d87b2651-2ff4-6535-241a-ce88f6bf6f92","type":"Fragment"},{"definition":{"fragment":{"key":"BASIC_COMPONENT-paragraph"},"fragmentConfig":{},"fragmentFields":[],"fragmentStyle":{"fontWeight":"fontWeightLighter","textColor":"colorBrandPrimaryDarken3"},"indexed":true},"id":"832de254-53be-ef68-3bd3-d01300d3872d","type":"Fragment"}],"type":"Section"},{"definition":{"formConfig":{"formReference":{"className":"com.liferay.object.model.ObjectDefinition#32497","classType":0}},"fragmentStyle":{"backgroundColor":"colorNeutral0","borderColor":"#DCDFDF","maxWidth":"600px","textColor":""},"indexed":true,"layout":{}},"id":"086df853-fb4c-199c-14ea-c6314f5b336d","pageElements":[{"definition":{"fragmentStyle":{"paddingBottom":"2rem"},"indexed":true,"layout":{},"name":"Content"},"id":"c4f801c8-6910-d2df-3c71-3b91bddab57e","pageElements":[{"definition":{"fragment":{"key":"INPUTS-text-input"},"fragmentConfig":{"showCharactersCount":false,"placeholder":"","inputFieldId":"ObjectField_name"},"fragmentFields":[],"indexed":true},"id":"c9494ee6-5ed4-48fc-ebc7-0fc6372ab9ee","type":"Fragment"},{"definition":{"fragment":{"key":"INPUTS-text-input"},"fragmentConfig":{"showCharactersCount":false,"placeholder":"","inputFieldId":"ObjectField_emailAddress"},"fragmentFields":[],"indexed":true},"id":"72c98ca4-9454-48be-c7d0-19b61db41e9a","type":"Fragment"},{"definition":{"fragment":{"key":"INPUTS-text-input"},"fragmentConfig":{"showCharactersCount":false,"placeholder":"","inputFieldId":"ObjectField_phone"},"fragmentFields":[],"indexed":true},"id":"38b7d545-6a4d-0bfd-7981-0e47fd494ce7","type":"Fragment"},{"definition":{"fragment":{"key":"INPUTS-textarea"},"fragmentConfig":{"showCharactersCount":false,"numberOfLines":5,"placeholder":"","inputFieldId":"ObjectField_comment"},"fragmentFields":[],"indexed":true},"id":"80fc2217-2ad3-a7e0-11cd-b5085d3fc852","type":"Fragment"}],"type":"Section"},{"definition":{"indexed":true,"layout":{},"name":"Button"},"id":"d1d5fed2-6100-b707-5bea-d35e2237a7a0","pageElements":[{"definition":{"fragment":{"key":"INPUTS-submit-button"},"fragmentConfig":{"buttonType":"primary","submittedEntryStatus":"approved","buttonSize":"nm"},"fragmentFields":[],"fragmentStyle":{"paddingTop":"2"},"indexed":true},"id":"75bbcd9b-4d93-d3f8-fe15-ea4ecdbc5914","type":"Fragment"}],"type":"Section"}],"type":"Form"}],"type":"Section"}],"type":"Section"},{"definition":{"fragmentStyle":{"backgroundColor":"colorBrandPrimaryLighten6","paddingLeft":"9","paddingRight":"9"},"gutters":true,"indexed":true,"modulesPerRow":3,"name":"Offices","numberOfColumns":3,"reverseOrder":false,"rowViewports":[{"id":"landscapeMobile","rowViewportDefinition":{"modulesPerRow":1}},{"id":"portraitMobile","rowViewportDefinition":{}},{"id":"tablet","rowViewportDefinition":{}}],"verticalAlignment":"middle"},"id":"ef96c44a-710a-f92d-68ba-bb35a81cc07e","pageElements":[{"definition":{"columnViewports":[{"columnViewportDefinition":{"size":12},"id":"landscapeMobile"},{"columnViewportDefinition":{},"id":"portraitMobile"},{"columnViewportDefinition":{},"id":"tablet"}],"size":4},"id":"c890e564-7206-22d5-fa06-74965577a020","pageElements":[{"definition":{"fragmentStyle":{"marginBottom":"3","marginTop":"4"},"gutters":false,"indexed":true,"modulesPerRow":2,"numberOfColumns":2,"reverseOrder":false,"rowViewports":[{"id":"landscapeMobile","rowViewportDefinition":{"modulesPerRow":1}},{"id":"portraitMobile","rowViewportDefinition":{}},{"id":"tablet","rowViewportDefinition":{}}],"verticalAlignment":"top"},"id":"0588e8e2-9218-43fc-1d80-174ac79a5b8a","pageElements":[{"definition":{"columnViewports":[{"columnViewportDefinition":{"size":12},"id":"landscapeMobile"},{"columnViewportDefinition":{},"id":"portraitMobile"},{"columnViewportDefinition":{},"id":"tablet"}],"size":2},"id":"efcdff53-7c11-93a3-3506-e8e2aca63044","pageElements":[{"definition":{"fragment":{"key":"BASIC_COMPONENT-image"},"fragmentConfig":{"imageSize":"w-0"},"fragmentFields":[],"fragmentStyle":{"paddingRight":"1","textAlign":"right"},"indexed":true},"id":"0d64206f-20fa-7309-ac52-da89f120b827","type":"Fragment"}],"type":"Column"},{"definition":{"columnViewports":[{"columnViewportDefinition":{"size":12},"id":"landscapeMobile"},{"columnViewportDefinition":{},"id":"portraitMobile"},{"columnViewportDefinition":{},"id":"tablet"}],"size":10},"id":"d46eee44-171b-0cc1-0122-0ee3efc3b03e","pageElements":[{"definition":{"fragment":{"key":"BASIC_COMPONENT-heading"},"fragmentConfig":{"headingLevel":"h5"},"fragmentFields":[],"fragmentStyle":{"textColor":"colorBrandPrimaryDarken3"},"indexed":true},"id":"87ef248f-8b63-ee9c-9458-37d258122569","type":"Fragment"},{"definition":{"fragment":{"key":"BASIC_COMPONENT-paragraph"},"fragmentConfig":{},"fragmentFields":[],"fragmentStyle":{"fontSize":"0.875rem","paddingTop":"3","textColor":"colorBrandPrimaryDarken2"},"indexed":true},"id":"a4cad2ee-2e11-8db2-a322-2d5f735bc79a","type":"Fragment"}],"type":"Column"}],"type":"Row"}],"type":"Column"},{"definition":{"columnViewports":[{"columnViewportDefinition":{"size":12},"id":"landscapeMobile"},{"columnViewportDefinition":{},"id":"portraitMobile"},{"columnViewportDefinition":{},"id":"tablet"}],"size":4},"id":"d48a36a9-ae63-0d37-acc1-278fff2fe5ea","pageElements":[{"definition":{"fragmentStyle":{"marginBottom":"3","marginTop":"4"},"gutters":false,"indexed":true,"modulesPerRow":2,"numberOfColumns":2,"reverseOrder":false,"rowViewports":[{"id":"landscapeMobile","rowViewportDefinition":{"modulesPerRow":1}},{"id":"portraitMobile","rowViewportDefinition":{}},{"id":"tablet","rowViewportDefinition":{}}],"verticalAlignment":"top"},"id":"4e60b1e1-b853-9b10-7b71-b621d06c55bc","pageElements":[{"definition":{"columnViewports":[{"columnViewportDefinition":{"size":12},"id":"landscapeMobile"},{"columnViewportDefinition":{},"id":"portraitMobile"},{"columnViewportDefinition":{},"id":"tablet"}],"size":2},"id":"bb00cf02-c8fa-1b29-7add-895509e41044","pageElements":[{"definition":{"fragment":{"key":"BASIC_COMPONENT-image"},"fragmentConfig":{"imageSize":"w-0"},"fragmentFields":[],"fragmentStyle":{"paddingRight":"1","textAlign":"right"},"indexed":true},"id":"8b1beae9-95ad-56dc-3f90-11853b2a479e","type":"Fragment"}],"type":"Column"},{"definition":{"columnViewports":[{"columnViewportDefinition":{"size":12},"id":"landscapeMobile"},{"columnViewportDefinition":{},"id":"portraitMobile"},{"columnViewportDefinition":{},"id":"tablet"}],"size":10},"id":"ea5f20cc-b84d-60e8-2d5d-6f9edb2b742c","pageElements":[{"definition":{"fragment":{"key":"BASIC_COMPONENT-heading"},"fragmentConfig":{"headingLevel":"h5"},"fragmentFields":[],"fragmentStyle":{"textColor":"colorBrandPrimaryDarken3"},"indexed":true},"id":"768f3345-51a9-1323-5f43-cccb074a1ed2","type":"Fragment"},{"definition":{"fragment":{"key":"BASIC_COMPONENT-paragraph"},"fragmentConfig":{},"fragmentFields":[],"fragmentStyle":{"fontSize":"0.875rem","paddingTop":"3","textColor":"colorBrandPrimaryDarken2"},"indexed":true},"id":"91844e66-3fe0-7532-2b69-8092fc399276","type":"Fragment"}],"type":"Column"}],"type":"Row"}],"type":"Column"},{"definition":{"columnViewports":[{"columnViewportDefinition":{"size":12},"id":"landscapeMobile"},{"columnViewportDefinition":{},"id":"portraitMobile"},{"columnViewportDefinition":{},"id":"tablet"}],"size":4},"id":"6e1d1230-7c5f-4a82-d724-7cdf35cf1f06","pageElements":[{"definition":{"fragmentStyle":{"marginBottom":"3","marginTop":"4"},"gutters":false,"indexed":true,"modulesPerRow":2,"numberOfColumns":2,"reverseOrder":false,"rowViewports":[{"id":"landscapeMobile","rowViewportDefinition":{"modulesPerRow":1}},{"id":"portraitMobile","rowViewportDefinition":{}},{"id":"tablet","rowViewportDefinition":{}}],"verticalAlignment":"top"},"id":"91a306d5-791c-84ea-9483-618285ad8e1c","pageElements":[{"definition":{"columnViewports":[{"columnViewportDefinition":{"size":12},"id":"landscapeMobile"},{"columnViewportDefinition":{},"id":"portraitMobile"},{"columnViewportDefinition":{},"id":"tablet"}],"size":2},"id":"e608a3b8-b699-a517-b896-222c3057666d","pageElements":[{"definition":{"fragment":{"key":"BASIC_COMPONENT-image"},"fragmentConfig":{"imageSize":"w-0"},"fragmentFields":[],"fragmentStyle":{"paddingRight":"1","textAlign":"right"},"indexed":true},"id":"76a73932-4080-ea7b-ae85-18957dfe7e49","type":"Fragment"}],"type":"Column"},{"definition":{"columnViewports":[{"columnViewportDefinition":{"size":12},"id":"landscapeMobile"},{"columnViewportDefinition":{},"id":"portraitMobile"},{"columnViewportDefinition":{},"id":"tablet"}],"size":10},"id":"d32976ea-442a-67eb-a0b0-862ba36d4f30","pageElements":[{"definition":{"fragment":{"key":"BASIC_COMPONENT-heading"},"fragmentConfig":{"headingLevel":"h5"},"fragmentFields":[],"fragmentStyle":{"textColor":"colorBrandPrimaryDarken3"},"indexed":true},"id":"a14b5a26-e1f0-eb20-da71-0b2c8f691801","type":"Fragment"},{"definition":{"fragment":{"key":"BASIC_COMPONENT-paragraph"},"fragmentConfig":{},"fragmentFields":[],"fragmentStyle":{"fontSize":"0.875rem","paddingTop":"3","textColor":"colorBrandPrimaryDarken2"},"indexed":true},"id":"127fc0af-5171-fd8b-25c5-292553fafc07","type":"Fragment"}],"type":"Column"}],"type":"Row"}],"type":"Column"}],"type":"Row"}],"type":"Section"}