{"definition":{"fragmentStyle":{"backgroundColor":"#EEF1EE","borderWidth":"0","overflow":"visible"},"indexed":true,"layout":{},"name":"Header Container"},"pageElements":[{"definition":{"fragmentStyle":{"borderWidth":"0","overflow":"visible","paddingBottom":"2","paddingTop":"2"},"indexed":true,"layout":{"widthType":"Fixed"},"name":"Container"},"pageElements":[{"definition":{"fragmentStyle":{"minWidth":"65%","overflow":"visible","paddingBottom":"3","paddingTop":"3"},"gutters":false,"indexed":true,"modulesPerRow":3,"numberOfColumns":3,"reverseOrder":false,"rowViewports":[{"id":"landscapeMobile","rowViewportDefinition":{"modulesPerRow":1}},{"id":"portraitMobile","rowViewportDefinition":{}},{"id":"tablet","rowViewportDefinition":{}}],"verticalAlignment":"middle"},"pageElements":[{"definition":{"columnViewports":[{"columnViewportDefinition":{"size":12},"id":"landscapeMobile"},{"columnViewportDefinition":{},"id":"portraitMobile"},{"columnViewportDefinition":{},"id":"tablet"}],"size":4},"pageElements":[{"definition":{"fragmentStyle":{"borderWidth":"0"},"indexed":true,"layout":{"align":"Center","contentDisplay":"FlexRow","flexWrap":"Wrap"}},"pageElements":[{"definition":{"fragment":{"key":"com.liferay.fragment.renderer.menu.display.internal.MenuDisplayFragmentRenderer"},"fragmentConfig":{"displayStyle":"horizontal","selectedItemColor":"var(--brand-color-2)","sublevels":"-1","hoveredItemColor":"var(--brand-color-1)","source":""},"fragmentFields":[],"fragmentStyle":{"fontSize":"fontSizeBase","fontWeight":"fontWeightNormal","paddingLeft":"3"},"indexed":true},"type":"Fragment"}],"type":"Section"}],"type":"Column"},{"definition":{"columnViewports":[{"columnViewportDefinition":{"size":12},"id":"landscapeMobile"},{"columnViewportDefinition":{},"id":"portraitMobile"},{"columnViewportDefinition":{},"id":"tablet"}],"size":4},"pageElements":[{"definition":{"fragmentStyle":{"borderWidth":"0"},"fragmentViewports":[{"fragmentViewportStyle":{"paddingBottom":"3","paddingTop":"3"},"id":"landscapeMobile"}],"indexed":true,"layout":{"align":"Center","contentDisplay":"FlexColumn","justify":"Center"}},"pageElements":[{"definition":{"fragment":{"key":"BASIC_COMPONENT-image"},"fragmentConfig":{"imageSize":"w-100"},"fragmentFields":[],"fragmentStyle":{"textAlign":"center"},"indexed":true},"type":"Fragment"}],"type":"Section"}],"type":"Column"},{"definition":{"columnViewports":[{"columnViewportDefinition":{"size":12},"id":"landscapeMobile"},{"columnViewportDefinition":{},"id":"portraitMobile"},{"columnViewportDefinition":{},"id":"tablet"}],"size":4},"pageElements":[{"definition":{"fragmentStyle":{"borderWidth":"0","overflow":"visible"},"fragmentViewports":[{"fragmentViewportStyle":{"paddingLeft":"1","paddingRight":"1","textAlign":"center"},"id":"landscapeMobile"}],"indexed":true,"layout":{"align":"Center","contentDisplay":"FlexRow","flexWrap":"Wrap","justify":"End"}},"pageElements":[{"definition":{"widgetInstance":{"widgetConfig":{},"widgetName":"com_liferay_portal_search_web_search_bar_portlet_SearchBarPortlet"}},"type":"Widget"},{"definition":{"fragment":{"key":"user-nav-dropdown","siteKey":"Guest"},"fragmentConfig":{},"fragmentFields":[],"indexed":true},"type":"Fragment"}],"type":"Section"}],"type":"Column"}],"type":"Row"}],"type":"Section"},{"definition":{"fragment":{"key":"BASIC_COMPONENT-separator"},"fragmentConfig":{"separatorColor":"","bottomSpacing":"3"},"fragmentFields":[],"fragmentStyle":{"hidden":true},"indexed":true},"type":"Fragment"}],"type":"Section"}