{"definition":{"fragmentStyle":{"marginTop":"5"},"indexed":true,"layout":{"align":"Center","contentDisplay":"FlexColumn","justify":"Center","marginTop":4},"name":"Careers Composition"},"id":"040915a2-74d1-2477-f85b-29e93cb95c2f","pageElements":[{"definition":{"fragment":{"key":"BASIC_COMPONENT-heading"},"fragmentConfig":{"headingLevel":"h3"},"fragmentFields":[],"fragmentStyle":{"marginBottom":"5","textColor":"#0E4545"},"indexed":true},"id":"e13c5c4d-6cf0-0f50-3a31-5cf8d0bf5b99","type":"Fragment"},{"definition":{"collectionConfig":{"collectionReference":{"className":"com.liferay.asset.list.model.AssetListEntry","classPK":33158},"collectionType":"Collection"},"collectionViewports":[{"collectionViewportDefinition":{"numberOfColumns":1},"id":"landscapeMobile"},{"collectionViewportDefinition":{},"id":"portraitMobile"},{"collectionViewportDefinition":{},"id":"tablet"}],"displayAllItems":false,"displayAllPages":true,"listItemStyle":"","listStyle":"","numberOfColumns":1,"numberOfItems":5,"numberOfItemsPerPage":20,"numberOfPages":5,"paginationType":"Numeric","showAllItems":false,"templateKey":""},"id":"767342da-0e81-4efd-3baf-510115b3760e","pageElements":[{"definition":{"collectionItemConfig":{}},"id":"11929e29-4dbf-cfc7-8cfe-e609ed577cb5","pageElements":[{"definition":{"fragmentStyle":{"backgroundColor":"colorNeutral0","borderColor":"#DCDFDF","borderRadius":"10px","borderWidth":"1px","marginBottom":"4","maxWidth":"640px","paddingBottom":"3","paddingLeft":"4","paddingRight":"4","paddingTop":"3","textColor":"#1F2E2E"},"indexed":true,"layout":{"align":"Start","borderColor":"#DCDFDF","contentDisplay":"FlexColumn","justify":"Center","marginBottom":2,"paddingBottom":1,"paddingLeft":2,"paddingRight":2,"paddingTop":1}},"id":"06350369-4345-8630-c321-52a007b62780","pageElements":[{"definition":{"fragment":{"key":"DIALECT-dialect-text"},"fragmentConfig":{"textType":"text-paragraph-lg","truncateText":false},"fragmentFields":[],"fragmentStyle":{"fontWeight":"fontWeightBold","textColor":"#092D2D"},"indexed":true},"id":"e7c20ab0-219b-3630-5462-6c0ce83ae41f","type":"Fragment"},{"definition":{"fragment":{"key":"DIALECT-dialect-text"},"fragmentConfig":{"textType":"text-paragraph","truncateText":false},"fragmentFields":[],"fragmentStyle":{"paddingTop":"1","textColor":"#135C5C"},"indexed":true},"id":"856cff95-9854-1842-476c-d5edac700d68","type":"Fragment"},{"definition":{"fragment":{"key":"BASIC_COMPONENT-button"},"fragmentConfig":{"buttonType":"outline-secondary","type":"link","buttonSize":"sm"},"fragmentFields":[],"fragmentStyle":{"paddingTop":"3"},"indexed":true},"id":"7734b8dc-c745-1e93-c165-ebe06217b7e3","type":"Fragment"}],"type":"Section"}],"type":"CollectionItem"}],"type":"Collection"}],"type":"Section"}