{"definition":{"fragmentStyle":{"marginTop":"5"},"indexed":true,"layout":{"align":"Center","contentDisplay":"FlexColumn","justify":"Center","marginTop":4}},"id":"40603923-752e-1d8f-aaad-2847df27666b","pageElements":[{"definition":{"fragment":{"key":"DIALECT-dialect-text"},"fragmentConfig":{"textType":"display-3","truncateText":false},"fragmentFields":[],"fragmentStyle":{"marginBottom":"5","textColor":"colorBrandPrimaryDarken5"},"indexed":true},"id":"68e33b17-4627-7754-efc7-05f421074fd3","type":"Fragment"},{"definition":{"collectionConfig":{"collectionReference":{"className":"com.liferay.asset.list.model.AssetListEntry","classPK":41305},"collectionType":"Collection"},"collectionViewports":[{"collectionViewportDefinition":{"numberOfColumns":1},"id":"landscapeMobile"},{"collectionViewportDefinition":{},"id":"portraitMobile"},{"collectionViewportDefinition":{},"id":"tablet"}],"displayAllItems":false,"displayAllPages":true,"listItemStyle":"","listStyle":"","numberOfColumns":1,"numberOfItems":5,"numberOfItemsPerPage":20,"numberOfPages":5,"paginationType":"Numeric","showAllItems":false,"templateKey":""},"id":"02e3e78c-cb95-7661-bf10-bd6a9a87c15c","pageElements":[{"definition":{"collectionItemConfig":{}},"id":"a1b826d0-5598-bd4f-3deb-2de75d968097","pageElements":[{"definition":{"fragmentStyle":{"backgroundColor":"colorBrandPrimaryLighten6","borderRadius":"10px","marginBottom":"4","maxWidth":"640px","paddingBottom":"3","paddingLeft":"4","paddingRight":"4","paddingTop":"3"},"indexed":true,"layout":{"align":"Start","contentDisplay":"FlexColumn","justify":"Center","marginBottom":2,"paddingBottom":1,"paddingLeft":2,"paddingRight":2,"paddingTop":1}},"id":"15731a11-2cfc-398c-21d9-fd7690bd4eb6","pageElements":[{"definition":{"fragment":{"key":"DIALECT-dialect-text"},"fragmentConfig":{"textType":"text-paragraph-lg","truncateText":false},"fragmentFields":[],"fragmentStyle":{"fontWeight":"fontWeightBold","textColor":"colorBrandPrimaryDarken4"},"indexed":true},"id":"6c27c14b-0a24-f91a-8406-025c10c9d857","type":"Fragment"},{"definition":{"fragment":{"key":"DIALECT-dialect-text"},"fragmentConfig":{"textType":"text-paragraph","truncateText":false},"fragmentFields":[],"fragmentStyle":{"textColor":"colorBrandPrimaryDarken2"},"indexed":true},"id":"ad4e3092-09f6-6f02-0a5c-5b3874f3b4ad","type":"Fragment"},{"definition":{"fragment":{"key":"DIALECT-dialect-button"},"fragmentConfig":{"uppercase":false,"style":"primary","type":"solid","inverted":false,"buttonSize":""},"fragmentFields":[],"indexed":true},"id":"7d48b955-c2fc-365b-cbf6-1fce23b87c09","type":"Fragment"}],"type":"Section"}],"type":"CollectionItem"}],"type":"Collection"}],"type":"Section"}