{"definition":{"indexed":true,"layout":{}},"pageElements":[{"definition":{"fragmentStyle":{"backgroundColor":"gray500Color","backgroundFragmentImage":{"title":{"value":"banner-image"},"url":{"value":"/documents/d/guest/banner-image?imagePreview=1"}},"borderWidth":"0","minHeight":"80vh","paddingBottom":"10","paddingLeft":"3","paddingTop":"10"},"fragmentViewports":[{"fragmentViewportStyle":{"paddingLeft":"4","paddingRight":"4"},"id":"landscapeMobile"},{"fragmentViewportStyle":{"paddingLeft":"3","paddingRight":"3"},"id":"portraitMobile"},{"fragmentViewportStyle":{"paddingLeft":"5","paddingRight":"5"},"id":"tablet"}],"indexed":true,"layout":{"contentDisplay":"FlexColumn","justify":"Center","paddingLeft":1},"name":"Banner Container"},"pageElements":[{"definition":{"fragmentStyle":{"borderWidth":"0","paddingBottom":"3","paddingLeft":"3","paddingRight":"3","paddingTop":"3"},"indexed":true,"layout":{"paddingBottom":1,"paddingLeft":1,"paddingRight":1,"paddingTop":1,"widthType":"Fixed"}},"pageElements":[{"definition":{"fragment":{"key":"BASIC_COMPONENT-heading"},"fragmentConfig":{"headingLevel":"h1"},"fragmentFields":[],"fragmentStyle":{"marginBottom":"4","textColor":"whiteColor"},"fragmentViewports":[{"fragmentViewportStyle":{"marginRight":"0"},"id":"portraitMobile"}],"indexed":true},"type":"Fragment"},{"definition":{"fragment":{"key":"BASIC_COMPONENT-paragraph"},"fragmentConfig":{},"fragmentFields":[],"fragmentStyle":{"fontSize":"fontSizeLg","marginBottom":"4","textColor":"whiteColor"},"indexed":true},"type":"Fragment"},{"definition":{"fragment":{"key":"BASIC_COMPONENT-button"},"fragmentConfig":{"buttonType":"primary","type":"link","buttonSize":"nm"},"fragmentFields":[],"fragmentViewports":[{"fragmentViewportStyle":{"marginRight":"0"},"id":"portraitMobile"}],"indexed":true},"type":"Fragment"}],"type":"Section"}],"type":"Section"}],"type":"Section"}