{"definition":{"customCSS":".[$FRAGMENT_CLASS$] {\n    .component-heading-over-menu-display {\n        padding-left: 8px;\n    }\n    .navbar-nav {\n        display: block;\n    }\n    .clarity-menu-display-items .nav-link {\n        color: #acd5d5;\n    }\n    .portlet-navigation .nav-pills>li.active>a {\n        background-color: #419e9e;\n  }\n    .nav-pills .nav-link.active{\n        background-color: #ACD5D5;\n  }\n}","fragmentStyle":{"backgroundFragmentImage":{"title":{"value":"footer-background.svg"},"url":{"value":"/documents/d/guest/footer-background-svg?imagePreview=1"}},"borderColor":"#5c2727","marginTop":"3","paddingBottom":"5","paddingTop":"4","textColor":"colorBrandPrimaryLighten4"},"indexed":true,"layout":{"borderColor":"#5c2727","marginTop":1,"paddingBottom":4,"paddingTop":2},"name":"Footer"},"id":"4b6e4b94-42aa-d31b-45fd-f92b1971d98f","pageElements":[{"definition":{"fragmentStyle":{"borderWidth":"0","paddingBottom":"6","paddingLeft":"7","paddingRight":"7","paddingTop":"6"},"indexed":true,"layout":{"paddingBottom":6,"paddingLeft":8,"paddingRight":8,"paddingTop":6},"name":"Inner Container"},"id":"7c057ac9-9193-b93f-9955-8c252037e25b","pageElements":[{"definition":{"fragmentStyle":{"marginBottom":"6"},"gutters":true,"indexed":true,"modulesPerRow":5,"name":"Top Grid","numberOfColumns":5,"reverseOrder":false,"rowViewports":[{"id":"landscapeMobile","rowViewportDefinition":{"modulesPerRow":1}},{"id":"portraitMobile","rowViewportDefinition":{}},{"id":"tablet","rowViewportDefinition":{}}],"verticalAlignment":"top"},"id":"3a9d68ef-5bf9-5cc5-834e-c076e2df9080","pageElements":[{"definition":{"columnViewports":[{"columnViewportDefinition":{"size":12},"id":"landscapeMobile"},{"columnViewportDefinition":{},"id":"portraitMobile"},{"columnViewportDefinition":{},"id":"tablet"}],"size":2},"id":"ca3169aa-0d6f-d1bb-5b56-9c73d339086e","pageElements":[{"definition":{"fragmentStyle":{"borderWidth":"0","height":"64px","marginTop":"3","width":"150px"},"indexed":true,"layout":{"marginTop":1},"name":"Logo"},"id":"6baf02b3-cb8e-5989-8069-7e14364fcb0c","pageElements":[{"definition":{"fragment":{"key":"BASIC_COMPONENT-image"},"fragmentConfig":{"imageSize":"w-100"},"fragmentFields":[],"indexed":true},"id":"f46b9e4e-50c5-66cf-9887-cfb405a05f8e","type":"Fragment"}],"type":"Section"}],"type":"Column"},{"definition":{"columnViewports":[{"columnViewportDefinition":{"size":12},"id":"landscapeMobile"},{"columnViewportDefinition":{},"id":"portraitMobile"},{"columnViewportDefinition":{},"id":"tablet"}],"size":2},"id":"d2f56cdc-2c0e-4198-36c5-b2c304ca7628","pageElements":[{"definition":{"fragmentStyle":{"borderWidth":"0","paddingTop":"3"},"indexed":true,"layout":{"paddingTop":1},"name":"My Account Menu"},"id":"2be9eea9-f9c6-2d63-de6f-efb1c74cad9a","pageElements":[{"definition":{"fragment":{"key":"BASIC_COMPONENT-heading"},"fragmentConfig":{"headingLevel":"h5"},"fragmentFields":[],"fragmentStyle":{"paddingBottom":"2","paddingLeft":"3","textColor":"#F4F9F9"},"indexed":true},"id":"f3666008-895f-c2a5-f4f3-90a8cb0e7238","type":"Fragment"},{"definition":{"cssClasses":["clarity-vertical-nav","clarity-menu-display-items"],"fragmentStyle":{"textColor":"colorBrandPrimaryLighten6"},"widgetInstance":{"widgetConfig":{"displayStyle":"ddmTemplate_NAV-PILLS-STACKED-FTL","displayDepth":"2","siteNavigationMenuName":"Footer Clarity Menu","rootMenuItemType":"absolute","siteNavigationMenuType":"-1","expandedLevels":"auto","rootMenuItemLevel":"0","displayStyleGroupId":"32834"},"widgetName":"com_liferay_site_navigation_menu_web_portlet_SiteNavigationMenuPortlet"}},"id":"fa1b905b-c839-89c2-a832-70ef33663701","type":"Widget"}],"type":"Section"}],"type":"Column"},{"definition":{"columnViewports":[{"columnViewportDefinition":{"size":12},"id":"landscapeMobile"},{"columnViewportDefinition":{},"id":"portraitMobile"},{"columnViewportDefinition":{},"id":"tablet"}],"size":2},"id":"0b1c5caa-4e97-ad98-593a-69747aaa9d37","pageElements":[{"definition":{"fragmentStyle":{"borderWidth":"0","paddingTop":"3"},"indexed":true,"layout":{"paddingTop":1},"name":"The Company Menu"},"id":"3235437b-e7a8-0d18-2e90-8053fe911dd1","pageElements":[{"definition":{"fragment":{"key":"BASIC_COMPONENT-heading"},"fragmentConfig":{"headingLevel":"h5"},"fragmentFields":[],"fragmentStyle":{"paddingBottom":"2","paddingLeft":"3","textColor":"#F4F9F9"},"indexed":true},"id":"f7e63846-2285-98da-ad5e-07e6b2c3de20","type":"Fragment"},{"definition":{"cssClasses":["clarity-vertical-nav","clarity-menu-display-items"],"widgetInstance":{"widgetConfig":{"displayStyle":"ddmTemplate_NAV-PILLS-STACKED-FTL","displayDepth":"2","siteNavigationMenuName":"Footer Trial Menu","rootMenuItemType":"absolute","siteNavigationMenuType":"-1","expandedLevels":"auto","rootMenuItemLevel":"0","displayStyleGroupId":"32834"},"widgetName":"com_liferay_site_navigation_menu_web_portlet_SiteNavigationMenuPortlet"}},"id":"68d5ec13-b7b9-7aac-9d52-1da285a567ec","type":"Widget"}],"type":"Section"}],"type":"Column"},{"definition":{"columnViewports":[{"columnViewportDefinition":{"size":12},"id":"landscapeMobile"},{"columnViewportDefinition":{},"id":"portraitMobile"},{"columnViewportDefinition":{},"id":"tablet"}],"size":3},"id":"0b92d915-e48b-8188-f77c-f03b7f99ffb3","pageElements":[{"definition":{"fragmentStyle":{"borderWidth":"0","paddingTop":"3"},"indexed":true,"layout":{"paddingTop":1},"name":"Help Center"},"id":"f62e02cd-54b4-5f33-c35f-198459b39e9c","pageElements":[{"definition":{"fragment":{"key":"BASIC_COMPONENT-heading"},"fragmentConfig":{"headingLevel":"h5"},"fragmentFields":[],"fragmentStyle":{"paddingBottom":"2","paddingLeft":"3","textColor":"#F4F9F9"},"indexed":true},"id":"66296c75-f14e-a220-3bc7-6b26776af4fd","type":"Fragment"},{"definition":{"cssClasses":["clarity-vertical-nav","clarity-menu-display-items"],"fragmentStyle":{"textColor":"colorBrandPrimaryLighten4"},"widgetInstance":{"widgetConfig":{"displayStyle":"ddmTemplate_NAV-PILLS-STACKED-FTL","displayDepth":"2","siteNavigationMenuName":"Footer Liferay Menu","rootMenuItemType":"absolute","siteNavigationMenuType":"-1","expandedLevels":"auto","rootMenuItemLevel":"0","displayStyleGroupId":"32834"},"widgetName":"com_liferay_site_navigation_menu_web_portlet_SiteNavigationMenuPortlet"}},"id":"5f6e9dc2-59c5-2dda-8eac-31cf1bc2e443","type":"Widget"}],"type":"Section"}],"type":"Column"},{"definition":{"columnViewports":[{"columnViewportDefinition":{"size":12},"id":"landscapeMobile"},{"columnViewportDefinition":{},"id":"portraitMobile"},{"columnViewportDefinition":{},"id":"tablet"}],"size":3},"id":"3ee3ec01-c5fe-3965-65a1-9166de452de0","pageElements":[{"definition":{"fragmentStyle":{"borderWidth":"0","paddingTop":"3"},"indexed":true,"layout":{"paddingTop":1},"name":"Subscribe"},"id":"a559d194-c504-680f-525a-ae67e1b96c34","pageElements":[{"definition":{"fragment":{"key":"BASIC_COMPONENT-heading"},"fragmentConfig":{"headingLevel":"h5"},"fragmentFields":[],"fragmentStyle":{"paddingLeft":"3","textColor":"#F4F9F9"},"indexed":true,"name":"Title"},"id":"a9ec3b71-fada-d04a-a4f2-4e1ebb5d6892","type":"Fragment"},{"definition":{"fragment":{"key":"BASIC_COMPONENT-heading"},"fragmentConfig":{"headingLevel":"h6"},"fragmentFields":[],"fragmentStyle":{"fontWeight":"100","paddingLeft":"3","paddingTop":"2","textColor":"#D0E7E7"},"indexed":true,"name":"Sub-title"},"id":"83080414-f2dd-de92-f765-eeb02aecdf89","type":"Fragment"},{"definition":{"fragmentStyle":{"borderWidth":"0","marginTop":"3","paddingBottom":"2","paddingLeft":"3","paddingRight":"2","paddingTop":"2"},"indexed":true,"layout":{"contentDisplay":"FlexRow","marginTop":1,"paddingLeft":1},"name":"Subscribe Button"},"id":"40dced3d-1d51-d704-c7b8-d3919c826777","pageElements":[{"definition":{"fragment":{"key":"BASIC_COMPONENT-heading"},"fragmentConfig":{"headingLevel":"h5"},"fragmentFields":[],"fragmentStyle":{"paddingTop":"2","textColor":"#419E9E"},"indexed":true},"id":"653f8596-1806-d8f2-d95b-1b02d98b5af5","type":"Fragment"}],"type":"Section"}],"type":"Section"}],"type":"Column"}],"type":"Row"},{"definition":{"fragmentStyle":{"backgroundColor":"colorBrandPrimaryLighten6","borderWidth":"0","height":"2px","opacity":"20","width":"100%"},"indexed":true,"layout":{"opacity":20},"name":"Spacer"},"id":"30c81865-0a63-8b55-4b57-24a7c29ea032","type":"Section"},{"definition":{"fragmentStyle":{"marginTop":"4"},"gutters":true,"indexed":true,"modulesPerRow":2,"name":"Bottom Grid","numberOfColumns":2,"reverseOrder":false,"rowViewports":[{"id":"landscapeMobile","rowViewportDefinition":{"modulesPerRow":1}},{"id":"portraitMobile","rowViewportDefinition":{}},{"id":"tablet","rowViewportDefinition":{}}],"verticalAlignment":"top"},"id":"b2d89708-5359-ab5d-2a0a-af4095befccf","pageElements":[{"definition":{"columnViewports":[{"columnViewportDefinition":{"size":12},"id":"landscapeMobile"},{"columnViewportDefinition":{},"id":"portraitMobile"},{"columnViewportDefinition":{},"id":"tablet"}],"size":4},"id":"ebd44c6b-b2b9-0156-a2d3-ed2e147eda51","pageElements":[{"definition":{"fragmentStyle":{"borderWidth":"0","fontWeight":"100","paddingBottom":"1","paddingLeft":"1","paddingTop":"1"},"indexed":true,"layout":{"contentDisplay":"FlexRow","justify":"SpaceAround"},"name":"Website Policies"},"id":"cf0aac4e-296d-235a-63fd-94d460d9c5e0","pageElements":[{"definition":{"fragment":{"key":"BASIC_COMPONENT-heading"},"fragmentConfig":{"headingLevel":"h6"},"fragmentFields":[],"fragmentStyle":{"fontWeight":"100","textColor":"#419E9E"},"indexed":true,"name":"Privacy Policy"},"id":"4406567b-79ac-616f-c2fe-c1bcaf07501f","type":"Fragment"},{"definition":{"fragment":{"key":"BASIC_COMPONENT-heading"},"fragmentConfig":{"headingLevel":"h6"},"fragmentFields":[],"fragmentStyle":{"fontWeight":"100","textColor":"#419E9E"},"indexed":true,"name":"Terms of Use"},"id":"e739f131-68d0-d522-db42-5fb96a6a761a","type":"Fragment"},{"definition":{"fragment":{"key":"BASIC_COMPONENT-heading"},"fragmentConfig":{"headingLevel":"h6"},"fragmentFields":[],"fragmentStyle":{"fontWeight":"100","textColor":"#419E9E"},"indexed":true,"name":"Site Map"},"id":"128e228f-2e3e-eba5-503a-734f80eb44ca","type":"Fragment"}],"type":"Section"}],"type":"Column"},{"definition":{"columnViewports":[{"columnViewportDefinition":{"size":12},"id":"landscapeMobile"},{"columnViewportDefinition":{},"id":"portraitMobile"},{"columnViewportDefinition":{},"id":"tablet"}],"size":8},"id":"5c1db24f-2827-58eb-301f-03de14be8b5c","pageElements":[{"definition":{"fragment":{"key":"BASIC_COMPONENT-paragraph"},"fragmentConfig":{},"fragmentFields":[],"fragmentStyle":{"textAlign":"center","textColor":"#419E9E"},"indexed":true,"name":"Reserved Rights"},"id":"11a625fc-0190-c403-9723-a6ea6015d008","type":"Fragment"}],"type":"Column"}],"type":"Row"}],"type":"Section"}],"type":"Section"}