{
	"fieldSets": [
		{
			"fields": [
				{
					"dataType": "string",
					"defaultValue": "approved",
					"label": "submitted-entry-status",
					"name": "submittedEntryStatus",
					"type": "select",
					"typeOptions": {
						"validValues": [
							{
								"label": "approved",
								"value": "0"
							},
							{
								"label": "draft",
								"value": "2"
							}
						]
					}
				},
				{
					"dataType": "string",
					"defaultValue": "primary",
					"label": "style",
					"name": "buttonType",
					"type": "select",
					"typeOptions": {
						"validValues": [
							{
								"value": "primary"
							},
							{
								"value": "secondary"
							},
							{
								"value": "outline-primary"
							},
							{
								"value": "outline-secondary"
							}
						]
					}
				},
				{
					"dataType": "string",
					"defaultValue": "nm",
					"label": "size",
					"name": "buttonSize",
					"type": "select",
					"typeOptions": {
						"validValues": [
							{
								"label": "small",
								"value": "sm"
							},
							{
								"label": "normal",
								"value": "nm"
							},
							{
								"label": "large",
								"value": "lg"
							}
						]
					}
				}
			],
			"label": "submit-button-options"
		}
	]
}