{"definition":{"fragmentStyle":{"backgroundColor":"","backgroundFragmentImage":{}},"indexed":true,"layout":{}},"pageElements":[{"definition":{"fragmentStyle":{"paddingBottom":"2","paddingLeft":"6","paddingRight":"6","paddingTop":"1"},"indexed":true,"layout":{"align":"Center","contentDisplay":"FlexRow","flexWrap":"Wrap","justify":"SpaceBetween","paddingLeft":6,"paddingRight":6,"widthType":"Fixed"}},"pageElements":[{"definition":{"fragment":{"key":"BASIC_COMPONENT-image"},"fragmentConfig":{"imageSize":"w-0"},"fragmentFields":[],"fragmentStyle":{"paddingTop":"2"},"indexed":true},"type":"Fragment"},{"definition":{"fragmentStyle":{"marginTop":"1"},"indexed":true,"layout":{"align":"Center","contentDisplay":"FlexRow","flexWrap":"Wrap","justify":"Center"}},"pageElements":[{"definition":{"fragment":{"key":"com.liferay.fragment.renderer.menu.display.internal.MenuDisplayFragmentRenderer"},"fragmentConfig":{"displayStyle":"horizontal","selectedItemColor":"","sublevels":"-1","hoveredItemColor":"","source":""},"fragmentFields":[],"fragmentStyle":{"fontWeight":"fontWeightBold","textColor":"whiteColor"},"indexed":true},"type":"Fragment"},{"definition":{"fragmentStyle":{"marginLeft":"4","paddingTop":"2"},"indexed":true,"layout":{"marginLeft":2}},"pageElements":[{"definition":{"fragment":{"key":"icon-button","siteKey":"Guest"},"fragmentConfig":{"iconName":"check-circle","iconSize":"32px"},"fragmentFields":[],"fragmentStyle":{"hidden":true},"indexed":true},"type":"Fragment"}],"type":"Section"},{"definition":{"fragment":{"key":"user-personal-bar","siteKey":"Guest"},"fragmentConfig":{},"fragmentFields":[],"fragmentStyle":{"marginLeft":"4"},"indexed":true},"type":"Fragment"}],"type":"Section"}],"type":"Section"}],"type":"Section"}