{
	"definition": {
		"indexed": true,
		"layout": {
		},
		"name": "Container"
	},
	"id": "26685073-fb2e-8109-586e-b2534c834a41",
	"pageElements": [
		{
			"definition": {
				"indexed": true,
				"layout": {
				},
				"name": "Row 1"
			},
			"id": "4afd9996-7710-a0a7-e6fd-506fe894deb9",
			"pageElements": [
				{
					"definition": {
						"fragmentStyle": {
							"backgroundColor": "colorNeutral0",
							"marginLeft": "9",
							"marginRight": "9",
							"marginTop": "4",
							"textColor": "colorBrandPrimaryDarken5"
						},
						"gutters": true,
						"indexed": true,
						"modulesPerRow": 2,
						"numberOfColumns": 2,
						"reverseOrder": false,
						"rowViewports": [
							{
								"id": "landscapeMobile",
								"rowViewportDefinition": {
									"modulesPerRow": 1
								}
							},
							{
								"id": "portraitMobile",
								"rowViewportDefinition": {
								}
							},
							{
								"id": "tablet",
								"rowViewportDefinition": {
								}
							}
						],
						"verticalAlignment": "middle"
					},
					"id": "085c0f24-ed3e-30f7-ee9b-698437b3f179",
					"pageElements": [
						{
							"definition": {
								"columnViewports": [
									{
										"columnViewportDefinition": {
											"size": 12
										},
										"id": "landscapeMobile"
									},
									{
										"columnViewportDefinition": {
										},
										"id": "portraitMobile"
									},
									{
										"columnViewportDefinition": {
										},
										"id": "tablet"
									}
								],
								"size": 6
							},
							"id": "8f779222-88a5-5598-0f77-581a404a1c33",
							"pageElements": [
								{
									"definition": {
										"fragment": {
											"key": "BASIC_COMPONENT-separator"
										},
										"fragmentConfig": {
											"bottomSpacing": "1",
											"separatorColor": ""
										},
										"fragmentFields": [
										],
										"fragmentStyle": {
											"backgroundColor": "colorBrandPrimaryLighten6",
											"borderColor": "#0DA16D30",
											"borderRadius": "20px",
											"hidden": true,
											"marginLeft": "6",
											"marginRight": "6"
										},
										"indexed": true
									},
									"id": "78b41c7e-f0a3-9058-2b01-943cb0bf0a57",
									"type": "Fragment"
								},
								{
									"definition": {
										"fragment": {
											"key": "BASIC_COMPONENT-separator"
										},
										"fragmentConfig": {
											"bottomSpacing": "1",
											"separatorColor": ""
										},
										"fragmentFields": [
										],
										"fragmentStyle": {
											"backgroundColor": "colorBrandPrimary",
											"borderColor": "#0DA16D30",
											"borderRadius": "20px",
											"hidden": true,
											"marginLeft": "6",
											"marginRight": "6"
										},
										"indexed": true
									},
									"id": "c4cb839b-9ed5-51df-bf53-6ac69976cd48",
									"type": "Fragment"
								},
								{
									"definition": {
										"cssClasses": [
											"general-text"
										],
										"customCSS": ".[$FRAGMENT_CLASS$] {\nline-height: 1.75;\n}",
										"fragment": {
											"key": "BASIC_COMPONENT-paragraph"
										},
										"fragmentConfig": {
										},
										"fragmentFields": [
										],
										"fragmentStyle": {
											"fontFamily": "system-ui, -apple-system, BlinkMacSystemFont, 'Segoe UI', Roboto, Oxygen-Sans, Ubuntu, Cantarell, 'Helvetica Neue', Arial, sans-serif, 'Apple Color Emoji', 'Segoe UI Emoji', 'Segoe UI Symbol'",
											"paddingLeft": "5",
											"paddingRight": "5",
											"paddingTop": "5",
											"textAlign": "right"
										},
										"indexed": true
									},
									"id": "b6dbff11-6f52-3b70-bb84-ca3c0c6046a9",
									"type": "Fragment"
								},
								{
									"definition": {
										"fragment": {
											"key": "BASIC_COMPONENT-separator"
										},
										"fragmentConfig": {
											"bottomSpacing": "1",
											"separatorColor": ""
										},
										"fragmentFields": [
										],
										"fragmentStyle": {
											"backgroundColor": "colorBrandPrimaryLighten6",
											"borderColor": "#0DA16D30",
											"borderRadius": "20px",
											"hidden": true,
											"marginLeft": "6",
											"marginRight": "6"
										},
										"indexed": true
									},
									"id": "0c491640-2ba9-9e8a-13b2-75b7bce00c18",
									"type": "Fragment"
								},
								{
									"definition": {
										"fragment": {
											"key": "BASIC_COMPONENT-separator"
										},
										"fragmentConfig": {
											"bottomSpacing": "1",
											"separatorColor": ""
										},
										"fragmentFields": [
										],
										"fragmentStyle": {
											"backgroundColor": "colorBrandPrimary",
											"borderColor": "#0DA16D30",
											"borderRadius": "20px",
											"hidden": true,
											"marginLeft": "6",
											"marginRight": "6"
										},
										"indexed": true
									},
									"id": "6e60e064-36e9-c5e5-ccaf-cf4b20045d68",
									"type": "Fragment"
								}
							],
							"type": "Column"
						},
						{
							"definition": {
								"columnViewports": [
									{
										"columnViewportDefinition": {
											"size": 12
										},
										"id": "landscapeMobile"
									},
									{
										"columnViewportDefinition": {
										},
										"id": "portraitMobile"
									},
									{
										"columnViewportDefinition": {
										},
										"id": "tablet"
									}
								],
								"size": 6
							},
							"id": "5053dda6-fc1a-656e-3375-7ad25745aff7",
							"pageElements": [
								{
									"definition": {
										"fragment": {
											"key": "BASIC_COMPONENT-image"
										},
										"fragmentConfig": {
											"imageSize": "w-100"
										},
										"fragmentFields": [
										],
										"fragmentStyle": {
											"maxHeight": "360px"
										},
										"indexed": true
									},
									"id": "fa75e9b2-3be7-40e5-155b-1473d99524ee",
									"type": "Fragment"
								}
							],
							"type": "Column"
						}
					],
					"type": "Row"
				}
			],
			"type": "Section"
		},
		{
			"definition": {
				"fragmentStyle": {
					"backgroundColor": "colorBrandPrimaryLighten2",
					"marginBottom": "3",
					"marginTop": "3"
				},
				"indexed": true,
				"layout": {
					"marginBottom": 1,
					"marginTop": 1
				},
				"name": "Row 2"
			},
			"id": "c8e1f5a7-6a77-9bd1-56d5-e439fbdfb682",
			"pageElements": [
				{
					"definition": {
						"fragmentStyle": {
							"backgroundColor": "colorBrandPrimaryLighten1",
							"marginLeft": "9",
							"marginRight": "9",
							"textColor": "colorBrandPrimaryLighten6"
						},
						"gutters": true,
						"indexed": true,
						"modulesPerRow": 3,
						"numberOfColumns": 3,
						"reverseOrder": false,
						"rowViewports": [
							{
								"id": "landscapeMobile",
								"rowViewportDefinition": {
									"modulesPerRow": 1
								}
							},
							{
								"id": "portraitMobile",
								"rowViewportDefinition": {
								}
							},
							{
								"id": "tablet",
								"rowViewportDefinition": {
								}
							}
						],
						"verticalAlignment": "middle"
					},
					"id": "c3757bf7-b60c-ac14-5aac-e2617b23896f",
					"pageElements": [
						{
							"definition": {
								"columnViewports": [
									{
										"columnViewportDefinition": {
											"size": 12
										},
										"id": "landscapeMobile"
									},
									{
										"columnViewportDefinition": {
										},
										"id": "portraitMobile"
									},
									{
										"columnViewportDefinition": {
										},
										"id": "tablet"
									}
								],
								"size": 4
							},
							"id": "e709a7c8-7dac-5662-33c2-bcc11e43e01f",
							"pageElements": [
								{
									"definition": {
										"fragment": {
											"key": "BASIC_COMPONENT-image"
										},
										"fragmentConfig": {
											"imageSize": "w-100"
										},
										"fragmentFields": [
										],
										"indexed": true
									},
									"id": "28099cc8-0cd8-8590-f203-47f8cfa65713",
									"type": "Fragment"
								}
							],
							"type": "Column"
						},
						{
							"definition": {
								"columnViewports": [
									{
										"columnViewportDefinition": {
											"size": 12
										},
										"id": "landscapeMobile"
									},
									{
										"columnViewportDefinition": {
										},
										"id": "portraitMobile"
									},
									{
										"columnViewportDefinition": {
										},
										"id": "tablet"
									}
								],
								"size": 4
							},
							"id": "a856e875-6bd2-234b-688d-19ea97958573",
							"pageElements": [
								{
									"definition": {
										"fragment": {
											"key": "BASIC_COMPONENT-separator"
										},
										"fragmentConfig": {
											"bottomSpacing": "1",
											"separatorColor": ""
										},
										"fragmentFields": [
										],
										"fragmentStyle": {
											"backgroundColor": "colorBrandPrimary",
											"borderColor": "#0DA16D30",
											"borderRadius": "20px",
											"marginLeft": "6",
											"marginRight": "6"
										},
										"indexed": true
									},
									"id": "20e6fc0a-3567-a979-4456-b0c506fc0dcb",
									"type": "Fragment"
								},
								{
									"definition": {
										"cssClasses": [
											"detail-text"
										],
										"customCSS": ".[$FRAGMENT_CLASS$] {\nline-height: 1.125;\n}",
										"fragment": {
											"key": "BASIC_COMPONENT-paragraph"
										},
										"fragmentConfig": {
										},
										"fragmentFields": [
										],
										"fragmentStyle": {
											"paddingBottom": "3",
											"paddingLeft": "4",
											"paddingRight": "4",
											"paddingTop": "3",
											"textAlign": "center"
										},
										"indexed": true
									},
									"id": "f1d1bb90-da4c-c03b-3981-7f0b7e992581",
									"type": "Fragment"
								},
								{
									"definition": {
										"fragment": {
											"key": "BASIC_COMPONENT-separator"
										},
										"fragmentConfig": {
											"bottomSpacing": "1",
											"separatorColor": ""
										},
										"fragmentFields": [
										],
										"fragmentStyle": {
											"backgroundColor": "colorBrandPrimary",
											"borderColor": "#0DA16D30",
											"borderRadius": "20px",
											"marginLeft": "6",
											"marginRight": "6"
										},
										"indexed": true
									},
									"id": "2c1bb3bc-4bf1-d4e8-bc64-2e3194d141cd",
									"type": "Fragment"
								}
							],
							"type": "Column"
						},
						{
							"definition": {
								"columnViewports": [
									{
										"columnViewportDefinition": {
											"size": 12
										},
										"id": "landscapeMobile"
									},
									{
										"columnViewportDefinition": {
										},
										"id": "portraitMobile"
									},
									{
										"columnViewportDefinition": {
										},
										"id": "tablet"
									}
								],
								"size": 4
							},
							"id": "5a020784-674e-e975-d6b3-cb7addea027a",
							"pageElements": [
								{
									"definition": {
										"fragment": {
											"key": "BASIC_COMPONENT-image"
										},
										"fragmentConfig": {
											"imageSize": "w-100"
										},
										"fragmentFields": [
										],
										"indexed": true
									},
									"id": "ba1d1518-5f3e-e3f0-0574-9d3aee2f863b",
									"type": "Fragment"
								}
							],
							"type": "Column"
						}
					],
					"type": "Row"
				}
			],
			"type": "Section"
		},
		{
			"definition": {
				"indexed": true,
				"layout": {
				},
				"name": "Row 3"
			},
			"id": "d1cf1906-6b3c-7791-d4c5-dc7b2fe5ef14",
			"pageElements": [
				{
					"definition": {
						"fragmentStyle": {
							"marginLeft": "9",
							"marginRight": "9"
						},
						"gutters": true,
						"indexed": true,
						"modulesPerRow": 2,
						"numberOfColumns": 2,
						"reverseOrder": false,
						"rowViewports": [
							{
								"id": "landscapeMobile",
								"rowViewportDefinition": {
									"modulesPerRow": 1
								}
							},
							{
								"id": "portraitMobile",
								"rowViewportDefinition": {
								}
							},
							{
								"id": "tablet",
								"rowViewportDefinition": {
								}
							}
						],
						"verticalAlignment": "middle"
					},
					"id": "98289397-7e82-dee3-6aa8-0357fcf5e705",
					"pageElements": [
						{
							"definition": {
								"columnViewports": [
									{
										"columnViewportDefinition": {
											"size": 12
										},
										"id": "landscapeMobile"
									},
									{
										"columnViewportDefinition": {
										},
										"id": "portraitMobile"
									},
									{
										"columnViewportDefinition": {
										},
										"id": "tablet"
									}
								],
								"size": 6
							},
							"id": "2d8c7324-2362-5837-c4ee-0df5a0704878",
							"pageElements": [
								{
									"definition": {
										"fragment": {
											"key": "BASIC_COMPONENT-separator"
										},
										"fragmentConfig": {
											"bottomSpacing": "1",
											"separatorColor": ""
										},
										"fragmentFields": [
										],
										"fragmentStyle": {
											"backgroundColor": "colorBrandPrimaryLighten6",
											"borderColor": "#0DA16D30",
											"borderRadius": "20px",
											"hidden": true,
											"marginLeft": "6",
											"marginRight": "6"
										},
										"indexed": true
									},
									"id": "ced90228-ca99-1251-3885-a560becb07b0",
									"type": "Fragment"
								},
								{
									"definition": {
										"fragment": {
											"key": "BASIC_COMPONENT-image"
										},
										"fragmentConfig": {
											"imageSize": "w-100"
										},
										"fragmentFields": [
										],
										"indexed": true
									},
									"id": "4696f3a1-1b19-3c8e-b28f-6ac44434fde5",
									"type": "Fragment"
								},
								{
									"definition": {
										"fragment": {
											"key": "BASIC_COMPONENT-separator"
										},
										"fragmentConfig": {
											"bottomSpacing": "1",
											"separatorColor": ""
										},
										"fragmentFields": [
										],
										"fragmentStyle": {
											"backgroundColor": "colorBrandPrimaryLighten6",
											"borderColor": "#0DA16D30",
											"borderRadius": "20px",
											"hidden": true,
											"marginLeft": "6",
											"marginRight": "6"
										},
										"indexed": true
									},
									"id": "a0803cc4-a591-4a5b-bd6b-eb4a925bcbbe",
									"type": "Fragment"
								}
							],
							"type": "Column"
						},
						{
							"definition": {
								"columnViewports": [
									{
										"columnViewportDefinition": {
											"size": 12
										},
										"id": "landscapeMobile"
									},
									{
										"columnViewportDefinition": {
										},
										"id": "portraitMobile"
									},
									{
										"columnViewportDefinition": {
										},
										"id": "tablet"
									}
								],
								"size": 6
							},
							"id": "1fd913df-b0e9-7c1b-d53b-fb14d0389af9",
							"pageElements": [
								{
									"definition": {
										"cssClasses": [
											"general-text"
										],
										"customCSS": ".[$FRAGMENT_CLASS$] {\nline-height: 1.75;\n}",
										"fragment": {
											"key": "BASIC_COMPONENT-paragraph"
										},
										"fragmentConfig": {
										},
										"fragmentFields": [
										],
										"fragmentStyle": {
											"paddingLeft": "5",
											"paddingRight": "5"
										},
										"indexed": true
									},
									"id": "a0aaf248-557b-be75-8e79-b2595420b3ce",
									"type": "Fragment"
								}
							],
							"type": "Column"
						}
					],
					"type": "Row"
				}
			],
			"type": "Section"
		},
		{
			"definition": {
				"fragmentStyle": {
					"backgroundColor": "colorBrandPrimaryLighten1",
					"marginBottom": "3",
					"marginTop": "3"
				},
				"indexed": true,
				"layout": {
					"marginBottom": 1,
					"marginTop": 1
				},
				"name": "Row 4"
			},
			"id": "291ffb2d-2fca-1444-2c3e-d9b220d343c4",
			"pageElements": [
				{
					"definition": {
						"fragment": {
							"key": "BASIC_COMPONENT-paragraph"
						},
						"fragmentConfig": {
						},
						"fragmentFields": [
						],
						"fragmentStyle": {
							"backgroundColor": "colorBrandPrimaryLighten1",
							"fontFamily": "Roboto, Oxygen-Sans, Ubuntu, Cantarell, 'Helvetica Neue', Arial, sans-serif, 'Apple Color Emoji', 'Segoe UI Emoji', 'Segoe UI Symbol'",
							"fontSize": "1.75rem",
							"marginLeft": "9",
							"marginRight": "9",
							"paddingBottom": "5",
							"paddingTop": "5",
							"textAlign": "center",
							"textColor": "colorBrandPrimaryLighten6"
						},
						"indexed": true
					},
					"id": "da98f722-e898-0a77-7c58-20f0b0304745",
					"type": "Fragment"
				}
			],
			"type": "Section"
		},
		{
			"definition": {
				"indexed": true,
				"layout": {
				},
				"name": "Cards"
			},
			"id": "f681a37c-d3e7-b930-e676-24e2176ae0d6",
			"pageElements": [
				{
					"definition": {
						"fragmentStyle": {
							"marginLeft": "9",
							"marginRight": "9"
						},
						"gutters": true,
						"indexed": true,
						"modulesPerRow": 3,
						"numberOfColumns": 3,
						"reverseOrder": false,
						"rowViewports": [
							{
								"id": "landscapeMobile",
								"rowViewportDefinition": {
									"modulesPerRow": 1
								}
							},
							{
								"id": "portraitMobile",
								"rowViewportDefinition": {
								}
							},
							{
								"id": "tablet",
								"rowViewportDefinition": {
								}
							}
						],
						"verticalAlignment": "bottom"
					},
					"id": "8f1f8f4a-f663-3a12-d2d0-63f0de1c73b4",
					"pageElements": [
						{
							"definition": {
								"columnViewports": [
									{
										"columnViewportDefinition": {
											"size": 12
										},
										"id": "landscapeMobile"
									},
									{
										"columnViewportDefinition": {
										},
										"id": "portraitMobile"
									},
									{
										"columnViewportDefinition": {
										},
										"id": "tablet"
									}
								],
								"size": 4
							},
							"id": "b7836021-d946-182c-6e7f-d26c589c91b3",
							"pageElements": [
								{
									"definition": {
										"fragment": {
											"key": "BASIC_COMPONENT-card"
										},
										"fragmentConfig": {
											"imageSize": "w-100"
										},
										"fragmentFields": [
										],
										"indexed": true
									},
									"id": "19a296aa-368b-08fa-f1f1-f62d1d926078",
									"type": "Fragment"
								}
							],
							"type": "Column"
						},
						{
							"definition": {
								"columnViewports": [
									{
										"columnViewportDefinition": {
											"size": 12
										},
										"id": "landscapeMobile"
									},
									{
										"columnViewportDefinition": {
										},
										"id": "portraitMobile"
									},
									{
										"columnViewportDefinition": {
										},
										"id": "tablet"
									}
								],
								"size": 4
							},
							"id": "09a41825-8e3a-cc87-a20f-8b14551fb656",
							"pageElements": [
								{
									"definition": {
										"fragment": {
											"key": "BASIC_COMPONENT-card"
										},
										"fragmentConfig": {
											"imageSize": "w-100"
										},
										"fragmentFields": [
										],
										"indexed": true
									},
									"id": "97a3f9f1-06fb-0760-8782-b0fdfeb3db55",
									"type": "Fragment"
								}
							],
							"type": "Column"
						},
						{
							"definition": {
								"columnViewports": [
									{
										"columnViewportDefinition": {
											"size": 12
										},
										"id": "landscapeMobile"
									},
									{
										"columnViewportDefinition": {
										},
										"id": "portraitMobile"
									},
									{
										"columnViewportDefinition": {
										},
										"id": "tablet"
									}
								],
								"size": 4
							},
							"id": "36e42c43-c603-b69b-cd25-e96b2cc107d7",
							"pageElements": [
								{
									"definition": {
										"fragment": {
											"key": "BASIC_COMPONENT-card"
										},
										"fragmentConfig": {
											"imageSize": "w-100"
										},
										"fragmentFields": [
										],
										"indexed": true
									},
									"id": "2bda81d2-7ea6-d89f-5edb-b62dd2e07f9d",
									"type": "Fragment"
								}
							],
							"type": "Column"
						}
					],
					"type": "Row"
				}
			],
			"type": "Section"
		}
	],
	"type": "Section"
}