{
	"definition": {
		"fragmentStyle": {
			"marginTop": "5"
		},
		"indexed": true,
		"layout": {
			"align": "Center",
			"contentDisplay": "FlexColumn",
			"justify": "Center",
			"marginTop": 4
		},
		"name": "Careers Composition"
	},
	"id": "693fa6de-4450-dc25-7065-02877aa49206",
	"pageElements": [
		{
			"definition": {
				"fragment": {
					"key": "BASIC_COMPONENT-heading"
				},
				"fragmentConfig": {
					"headingLevel": "h1"
				},
				"fragmentFields": [
				],
				"fragmentStyle": {
					"marginBottom": "5",
					"textColor": "#0E4545"
				},
				"indexed": true
			},
			"id": "32d038b0-80ed-8d3d-77bc-87518dfb87e0",
			"type": "Fragment"
		},
		{
			"definition": {
				"collectionConfig": {
					"collectionReference": {
						"className": "com.liferay.asset.list.model.AssetListEntry",
						"classPK": 32610
					},
					"collectionType": "Collection"
				},
				"collectionViewports": [
					{
						"collectionViewportDefinition": {
							"numberOfColumns": 1
						},
						"id": "landscapeMobile"
					},
					{
						"collectionViewportDefinition": {
						},
						"id": "portraitMobile"
					},
					{
						"collectionViewportDefinition": {
						},
						"id": "tablet"
					}
				],
				"displayAllItems": false,
				"displayAllPages": true,
				"listItemStyle": "",
				"listStyle": "",
				"numberOfColumns": 1,
				"numberOfItems": 5,
				"numberOfItemsPerPage": 20,
				"numberOfPages": 5,
				"paginationType": "Numeric",
				"showAllItems": false,
				"templateKey": ""
			},
			"id": "a09b7f10-f842-1e35-3f1d-dedb86f8836e",
			"pageElements": [
				{
					"definition": {
						"collectionItemConfig": {
						}
					},
					"id": "35a374dd-fd17-8f24-0f4d-8fd4cffc4ee5",
					"pageElements": [
						{
							"definition": {
								"fragmentStyle": {
									"backgroundColor": "colorNeutral0",
									"borderColor": "#DCDFDF",
									"borderRadius": "10px",
									"borderWidth": "1px",
									"marginBottom": "4",
									"maxWidth": "640px",
									"paddingBottom": "3",
									"paddingLeft": "4",
									"paddingRight": "4",
									"paddingTop": "3",
									"textColor": "#1F2E2E"
								},
								"indexed": true,
								"layout": {
									"align": "Start",
									"borderColor": "#DCDFDF",
									"contentDisplay": "FlexColumn",
									"justify": "Center",
									"marginBottom": 2,
									"paddingBottom": 1,
									"paddingLeft": 2,
									"paddingRight": 2,
									"paddingTop": 1
								}
							},
							"id": "3ebace69-a97c-61d3-24fe-81caec545e8b",
							"pageElements": [
								{
									"definition": {
										"fragment": {
											"key": "DIALECT-dialect-text"
										},
										"fragmentConfig": {
											"textType": "text-paragraph-lg",
											"truncateText": false
										},
										"fragmentFields": [
										],
										"fragmentStyle": {
											"fontWeight": "fontWeightBold",
											"textColor": "#092D2D"
										},
										"indexed": true
									},
									"id": "84473636-9de5-5511-ccaf-72cf06864e0d",
									"type": "Fragment"
								},
								{
									"definition": {
										"fragment": {
											"key": "DIALECT-dialect-text"
										},
										"fragmentConfig": {
											"textType": "text-paragraph",
											"truncateText": false
										},
										"fragmentFields": [
										],
										"fragmentStyle": {
											"paddingTop": "1",
											"textColor": "#135C5C"
										},
										"indexed": true
									},
									"id": "9f85c891-9874-5941-22b4-c429ccb71c2c",
									"type": "Fragment"
								},
								{
									"definition": {
										"fragment": {
											"key": "BASIC_COMPONENT-button"
										},
										"fragmentConfig": {
											"buttonSize": "sm",
											"buttonType": "outline-secondary",
											"type": "link"
										},
										"fragmentFields": [
										],
										"fragmentStyle": {
											"paddingTop": "3"
										},
										"indexed": true
									},
									"id": "66911160-5ef1-55a9-5469-ca1ca8d799dc",
									"type": "Fragment"
								}
							],
							"type": "Section"
						}
					],
					"type": "CollectionItem"
				}
			],
			"type": "Collection"
		}
	],
	"type": "Section"
}