{"definition":{"indexed":true,"layout":{}},"pageElements":[{"definition":{"indexed":true,"layout":{}},"pageElements":[{"definition":{"fragmentStyle":{"backgroundColor":"colorNeutral0","marginLeft":"9","marginRight":"9","marginTop":"4","textColor":"colorBrandPrimaryDarken5"},"gutters":true,"indexed":true,"modulesPerRow":2,"numberOfColumns":2,"reverseOrder":false,"rowViewports":[{"id":"landscapeMobile","rowViewportDefinition":{"modulesPerRow":1}},{"id":"portraitMobile","rowViewportDefinition":{}},{"id":"tablet","rowViewportDefinition":{}}],"verticalAlignment":"middle"},"pageElements":[{"definition":{"columnViewports":[{"columnViewportDefinition":{"size":12},"id":"landscapeMobile"},{"columnViewportDefinition":{},"id":"portraitMobile"},{"columnViewportDefinition":{},"id":"tablet"}],"size":6},"pageElements":[{"definition":{"fragment":{"key":"BASIC_COMPONENT-separator"},"fragmentConfig":{"separatorColor":"","bottomSpacing":"1"},"fragmentFields":[],"fragmentStyle":{"backgroundColor":"colorBrandPrimaryLighten6","borderColor":"#0DA16D30","borderRadius":"20px","hidden":true,"marginLeft":"6","marginRight":"6"},"indexed":true},"type":"Fragment"},{"definition":{"fragment":{"key":"BASIC_COMPONENT-separator"},"fragmentConfig":{"separatorColor":"","bottomSpacing":"1"},"fragmentFields":[],"fragmentStyle":{"backgroundColor":"colorBrandPrimary","borderColor":"#0DA16D30","borderRadius":"20px","hidden":true,"marginLeft":"6","marginRight":"6"},"indexed":true},"type":"Fragment"},{"definition":{"cssClasses":["general-text"],"customCSS":".[$FRAGMENT_CLASS$] {\nline-height: 1.75;\n}","fragment":{"key":"BASIC_COMPONENT-paragraph"},"fragmentConfig":{},"fragmentFields":[],"fragmentStyle":{"fontFamily":"system-ui, -apple-system, BlinkMacSystemFont, 'Segoe UI', Roboto, Oxygen-Sans, Ubuntu, Cantarell, 'Helvetica Neue', Arial, sans-serif, 'Apple Color Emoji', 'Segoe UI Emoji', 'Segoe UI Symbol'","paddingLeft":"5","paddingRight":"5","paddingTop":"5","textAlign":"right"},"indexed":true},"type":"Fragment"},{"definition":{"fragment":{"key":"BASIC_COMPONENT-separator"},"fragmentConfig":{"separatorColor":"","bottomSpacing":"1"},"fragmentFields":[],"fragmentStyle":{"backgroundColor":"colorBrandPrimaryLighten6","borderColor":"#0DA16D30","borderRadius":"20px","hidden":true,"marginLeft":"6","marginRight":"6"},"indexed":true},"type":"Fragment"},{"definition":{"fragment":{"key":"BASIC_COMPONENT-separator"},"fragmentConfig":{"separatorColor":"","bottomSpacing":"1"},"fragmentFields":[],"fragmentStyle":{"backgroundColor":"colorBrandPrimary","borderColor":"#0DA16D30","borderRadius":"20px","hidden":true,"marginLeft":"6","marginRight":"6"},"indexed":true},"type":"Fragment"}],"type":"Column"},{"definition":{"columnViewports":[{"columnViewportDefinition":{"size":12},"id":"landscapeMobile"},{"columnViewportDefinition":{},"id":"portraitMobile"},{"columnViewportDefinition":{},"id":"tablet"}],"size":6},"pageElements":[{"definition":{"fragment":{"key":"BASIC_COMPONENT-image"},"fragmentConfig":{"imageSize":"w-100"},"fragmentFields":[],"fragmentStyle":{"maxHeight":"360px"},"indexed":true},"type":"Fragment"}],"type":"Column"}],"type":"Row"}],"type":"Section"},{"definition":{"fragmentStyle":{"backgroundColor":"colorBrandPrimaryLighten2"},"indexed":true,"layout":{}},"pageElements":[{"definition":{"fragmentStyle":{"backgroundColor":"colorBrandPrimaryLighten1","marginLeft":"9","marginRight":"9","textColor":"colorBrandPrimaryLighten6"},"gutters":true,"indexed":true,"modulesPerRow":3,"numberOfColumns":3,"reverseOrder":false,"rowViewports":[{"id":"landscapeMobile","rowViewportDefinition":{"modulesPerRow":1}},{"id":"portraitMobile","rowViewportDefinition":{}},{"id":"tablet","rowViewportDefinition":{}}],"verticalAlignment":"middle"},"pageElements":[{"definition":{"columnViewports":[{"columnViewportDefinition":{"size":12},"id":"landscapeMobile"},{"columnViewportDefinition":{},"id":"portraitMobile"},{"columnViewportDefinition":{},"id":"tablet"}],"size":4},"pageElements":[{"definition":{"fragment":{"key":"BASIC_COMPONENT-image"},"fragmentConfig":{"imageSize":"w-100"},"fragmentFields":[],"indexed":true},"type":"Fragment"}],"type":"Column"},{"definition":{"columnViewports":[{"columnViewportDefinition":{"size":12},"id":"landscapeMobile"},{"columnViewportDefinition":{},"id":"portraitMobile"},{"columnViewportDefinition":{},"id":"tablet"}],"size":4},"pageElements":[{"definition":{"fragment":{"key":"BASIC_COMPONENT-separator"},"fragmentConfig":{"separatorColor":"","bottomSpacing":"1"},"fragmentFields":[],"fragmentStyle":{"backgroundColor":"colorBrandPrimary","borderColor":"#0DA16D30","borderRadius":"20px","marginLeft":"6","marginRight":"6"},"indexed":true},"type":"Fragment"},{"definition":{"cssClasses":["detail-text"],"customCSS":".[$FRAGMENT_CLASS$] {\nline-height: 1.125;\n}","fragment":{"key":"BASIC_COMPONENT-paragraph"},"fragmentConfig":{},"fragmentFields":[],"fragmentStyle":{"paddingBottom":"3","paddingLeft":"4","paddingRight":"4","paddingTop":"3","textAlign":"center"},"indexed":true},"type":"Fragment"},{"definition":{"fragment":{"key":"BASIC_COMPONENT-separator"},"fragmentConfig":{"separatorColor":"","bottomSpacing":"1"},"fragmentFields":[],"fragmentStyle":{"backgroundColor":"colorBrandPrimary","borderColor":"#0DA16D30","borderRadius":"20px","marginLeft":"6","marginRight":"6"},"indexed":true},"type":"Fragment"}],"type":"Column"},{"definition":{"columnViewports":[{"columnViewportDefinition":{"size":12},"id":"landscapeMobile"},{"columnViewportDefinition":{},"id":"portraitMobile"},{"columnViewportDefinition":{},"id":"tablet"}],"size":4},"pageElements":[{"definition":{"fragment":{"key":"BASIC_COMPONENT-image"},"fragmentConfig":{"imageSize":"w-100"},"fragmentFields":[],"indexed":true},"type":"Fragment"}],"type":"Column"}],"type":"Row"}],"type":"Section"},{"definition":{"indexed":true,"layout":{}},"pageElements":[{"definition":{"fragmentStyle":{"marginLeft":"9","marginRight":"9"},"gutters":true,"indexed":true,"modulesPerRow":2,"numberOfColumns":2,"reverseOrder":false,"rowViewports":[{"id":"landscapeMobile","rowViewportDefinition":{"modulesPerRow":1}},{"id":"portraitMobile","rowViewportDefinition":{}},{"id":"tablet","rowViewportDefinition":{}}],"verticalAlignment":"middle"},"pageElements":[{"definition":{"columnViewports":[{"columnViewportDefinition":{"size":12},"id":"landscapeMobile"},{"columnViewportDefinition":{},"id":"portraitMobile"},{"columnViewportDefinition":{},"id":"tablet"}],"size":6},"pageElements":[{"definition":{"fragment":{"key":"BASIC_COMPONENT-separator"},"fragmentConfig":{"separatorColor":"","bottomSpacing":"1"},"fragmentFields":[],"fragmentStyle":{"backgroundColor":"colorBrandPrimaryLighten6","borderColor":"#0DA16D30","borderRadius":"20px","hidden":true,"marginLeft":"6","marginRight":"6"},"indexed":true},"type":"Fragment"},{"definition":{"fragment":{"key":"BASIC_COMPONENT-image"},"fragmentConfig":{"imageSize":"w-100"},"fragmentFields":[],"indexed":true},"type":"Fragment"},{"definition":{"fragment":{"key":"BASIC_COMPONENT-separator"},"fragmentConfig":{"separatorColor":"","bottomSpacing":"1"},"fragmentFields":[],"fragmentStyle":{"backgroundColor":"colorBrandPrimaryLighten6","borderColor":"#0DA16D30","borderRadius":"20px","hidden":true,"marginLeft":"6","marginRight":"6"},"indexed":true},"type":"Fragment"}],"type":"Column"},{"definition":{"columnViewports":[{"columnViewportDefinition":{"size":12},"id":"landscapeMobile"},{"columnViewportDefinition":{},"id":"portraitMobile"},{"columnViewportDefinition":{},"id":"tablet"}],"size":6},"pageElements":[{"definition":{"cssClasses":["general-text"],"customCSS":".[$FRAGMENT_CLASS$] {\nline-height: 1.75;\n}","fragment":{"key":"BASIC_COMPONENT-paragraph"},"fragmentConfig":{},"fragmentFields":[],"fragmentStyle":{"paddingLeft":"5","paddingRight":"5"},"indexed":true},"type":"Fragment"}],"type":"Column"}],"type":"Row"}],"type":"Section"},{"definition":{"fragmentStyle":{"backgroundColor":"colorBrandPrimaryLighten1"},"indexed":true,"layout":{}},"pageElements":[{"definition":{"fragment":{"key":"BASIC_COMPONENT-paragraph"},"fragmentConfig":{},"fragmentFields":[],"fragmentStyle":{"backgroundColor":"colorBrandPrimaryLighten1","fontFamily":"Roboto, Oxygen-Sans, Ubuntu, Cantarell, 'Helvetica Neue', Arial, sans-serif, 'Apple Color Emoji', 'Segoe UI Emoji', 'Segoe UI Symbol'","fontSize":"1.75rem","marginLeft":"9","marginRight":"9","paddingBottom":"5","paddingTop":"5","textAlign":"center","textColor":"colorBrandPrimaryLighten6"},"indexed":true},"type":"Fragment"}],"type":"Section"},{"definition":{"indexed":true,"layout":{}},"pageElements":[{"definition":{"fragmentStyle":{"marginLeft":"9","marginRight":"9"},"gutters":true,"indexed":true,"modulesPerRow":3,"numberOfColumns":3,"reverseOrder":false,"rowViewports":[{"id":"landscapeMobile","rowViewportDefinition":{"modulesPerRow":1}},{"id":"portraitMobile","rowViewportDefinition":{}},{"id":"tablet","rowViewportDefinition":{}}],"verticalAlignment":"bottom"},"pageElements":[{"definition":{"columnViewports":[{"columnViewportDefinition":{"size":12},"id":"landscapeMobile"},{"columnViewportDefinition":{},"id":"portraitMobile"},{"columnViewportDefinition":{},"id":"tablet"}],"size":4},"pageElements":[{"definition":{"fragment":{"key":"BASIC_COMPONENT-card"},"fragmentConfig":{"imageSize":"w-100"},"fragmentFields":[],"indexed":true},"type":"Fragment"}],"type":"Column"},{"definition":{"columnViewports":[{"columnViewportDefinition":{"size":12},"id":"landscapeMobile"},{"columnViewportDefinition":{},"id":"portraitMobile"},{"columnViewportDefinition":{},"id":"tablet"}],"size":4},"pageElements":[{"definition":{"fragment":{"key":"BASIC_COMPONENT-card"},"fragmentConfig":{"imageSize":"w-100"},"fragmentFields":[],"indexed":true},"type":"Fragment"}],"type":"Column"},{"definition":{"columnViewports":[{"columnViewportDefinition":{"size":12},"id":"landscapeMobile"},{"columnViewportDefinition":{},"id":"portraitMobile"},{"columnViewportDefinition":{},"id":"tablet"}],"size":4},"pageElements":[{"definition":{"fragment":{"key":"BASIC_COMPONENT-card"},"fragmentConfig":{"imageSize":"w-100"},"fragmentFields":[],"indexed":true},"type":"Fragment"}],"type":"Column"}],"type":"Row"}],"type":"Section"}],"type":"Section"}