{"definition":{"customCSS":".[$FRAGMENT_CLASS$] {\n   left: 0;\n   bottom: 0;\n   width: 100%;\n   }","fragmentStyle":{"backgroundColor":"","height":"400px","paddingTop":"4","textColor":""},"indexed":true,"layout":{"contentDisplay":"FlexRow","paddingTop":2},"name":"Footer Container"},"pageElements":[{"definition":{"indexed":true,"layout":{"widthType":"Fixed"}},"pageElements":[{"definition":{"fragmentStyle":{"minWidth":"65%"},"gutters":true,"indexed":true,"modulesPerRow":4,"numberOfColumns":4,"reverseOrder":false,"rowViewports":[{"id":"landscapeMobile","rowViewportDefinition":{"modulesPerRow":1}},{"id":"portraitMobile","rowViewportDefinition":{}},{"id":"tablet","rowViewportDefinition":{}}],"verticalAlignment":"top"},"pageElements":[{"definition":{"columnViewports":[{"columnViewportDefinition":{"size":12},"id":"landscapeMobile"},{"columnViewportDefinition":{},"id":"portraitMobile"},{"columnViewportDefinition":{},"id":"tablet"}],"size":4},"pageElements":[{"definition":{"indexed":true,"layout":{"align":"Start","contentDisplay":"FlexColumn","flexWrap":"Wrap"}},"pageElements":[{"definition":{"fragment":{"key":"BASIC_COMPONENT-heading"},"fragmentConfig":{"headingLevel":"h1"},"fragmentFields":[{"id":"element-text","value":{"fragmentLink":{},"text":{"value_i18n":{"en_US":"Contact Us"}}}}],"fragmentStyle":{"paddingBottom":"3","paddingTop":"7","textColor":""},"indexed":true},"type":"Fragment"},{"definition":{"fragment":{"key":"BASIC_COMPONENT-paragraph"},"fragmentConfig":{},"fragmentFields":[{"id":"element-text","value":{"fragmentLink":{},"text":{"value_i18n":{"en_US":"Email: contact@delectablebonsai.com"}}}}],"indexed":true},"type":"Fragment"},{"definition":{"fragment":{"key":"BASIC_COMPONENT-paragraph"},"fragmentConfig":{},"fragmentFields":[{"id":"element-text","value":{"fragmentLink":{},"text":{"value_i18n":{"en_US":"Address: 1400 Montefino Ave, Diamond Bar, CA 91765&nbsp;"}}}}],"fragmentStyle":{"paddingTop":"3"},"indexed":true},"type":"Fragment"}],"type":"Section"}],"type":"Column"},{"definition":{"columnViewports":[{"columnViewportDefinition":{"size":12},"id":"landscapeMobile"},{"columnViewportDefinition":{},"id":"portraitMobile"},{"columnViewportDefinition":{},"id":"tablet"}],"size":3},"pageElements":[{"definition":{"customCSS":".[$FRAGMENT_CLASS$] {\n}","indexed":true,"layout":{"align":"Start","contentDisplay":"FlexColumn","flexWrap":"Wrap"}},"pageElements":[{"definition":{"fragment":{"key":"BASIC_COMPONENT-heading"},"fragmentConfig":{"headingLevel":"h1"},"fragmentFields":[{"id":"element-text","value":{"fragmentLink":{},"text":{"value_i18n":{"en_US":"Account"}}}}],"fragmentStyle":{"paddingTop":"7"},"indexed":true},"type":"Fragment"},{"definition":{"customCSS":".[$FRAGMENT_CLASS$] {\n}","fragment":{"key":"BASIC_COMPONENT-html"},"fragmentConfig":{},"fragmentFields":[{"id":"element-html","value":{"html":{"value_i18n":{"en_US":"<ul style=\"padding:15px;\">\n\t\t<li><a href=\"http://localhost:8080/my-account\"> My Account</a></li>\n\t\t<li><a href=\"http://localhost:8080/my-account\"> My Cart</a></li>\n\t\t<li><a href=\"http://localhost:8080/my-account\"> My List</a></li>\n</ul>\n"}}}}],"indexed":true},"type":"Fragment"}],"type":"Section"}],"type":"Column"},{"definition":{"columnViewports":[{"columnViewportDefinition":{"size":12},"id":"landscapeMobile"},{"columnViewportDefinition":{},"id":"portraitMobile"},{"columnViewportDefinition":{},"id":"tablet"}],"size":2},"pageElements":[{"definition":{"indexed":true,"layout":{"align":"Start","contentDisplay":"FlexColumn","flexWrap":"Wrap"}},"pageElements":[{"definition":{"fragment":{"key":"BASIC_COMPONENT-heading"},"fragmentConfig":{"headingLevel":"h1"},"fragmentFields":[{"id":"element-text","value":{"fragmentLink":{},"text":{"value_i18n":{"en_US":"Actions"}}}}],"fragmentStyle":{"paddingTop":"7"},"indexed":true},"type":"Fragment"},{"definition":{"customCSS":".[$FRAGMENT_CLASS$] {\n}","fragment":{"key":"BASIC_COMPONENT-html"},"fragmentConfig":{},"fragmentFields":[{"id":"element-html","value":{"html":{"value_i18n":{"en_US":"\n<ul style=\"padding: 15px;\">\n\t\t<li><a href=\"http://localhost:8080/my-account\">Give Feedback</a></li>\n\t\t<li><a href=\"http://localhost:8080/my-account\">Find a Store</a></li>\n\t\t<li><a href=\"http://localhost:8080/my-account\">Become a Distributor</a></li>\n</ul>\n"}}}}],"indexed":true},"type":"Fragment"}],"type":"Section"}],"type":"Column"},{"definition":{"columnViewports":[{"columnViewportDefinition":{"size":12},"id":"landscapeMobile"},{"columnViewportDefinition":{},"id":"portraitMobile"},{"columnViewportDefinition":{},"id":"tablet"}],"size":3},"pageElements":[{"definition":{"indexed":true,"layout":{"align":"Start","contentDisplay":"FlexColumn","flexWrap":"Wrap"}},"pageElements":[{"definition":{"fragment":{"key":"BASIC_COMPONENT-image"},"fragmentConfig":{"imageSize":"w-100"},"fragmentFields":[{"id":"image-square","value":{"fragmentImage":{"description":{"value_i18n":{"en_US":""}},"url":{"value_i18n":{"en_US":"/documents/d/guest/db-green-3-svg?imagePreview=1"}}},"fragmentLink":{"value":{"href":{"value_i18n":{"en_US":"/home"}}}}}}],"indexed":true},"type":"Fragment"}],"type":"Section"}],"type":"Column"}],"type":"Row"}],"type":"Section"}],"type":"Section"}