{"definition":{"indexed":true,"layout":{},"name":"About Us Composition"},"id":"34315a1e-93bf-82b7-ed31-b99425b8a0e1","pageElements":[{"definition":{"indexed":true,"layout":{},"name":"Row 1"},"id":"9268f58c-3892-29d7-cf66-d1bd071c9b31","pageElements":[{"definition":{"fragmentStyle":{"backgroundColor":"colorNeutral0","marginLeft":"9","marginRight":"9","marginTop":"4","textColor":"colorBrandPrimaryDarken5"},"gutters":true,"indexed":true,"modulesPerRow":2,"numberOfColumns":2,"reverseOrder":false,"rowViewports":[{"id":"landscapeMobile","rowViewportDefinition":{"modulesPerRow":1}},{"id":"portraitMobile","rowViewportDefinition":{}},{"id":"tablet","rowViewportDefinition":{}}],"verticalAlignment":"middle"},"id":"778a92b0-edd7-5529-944a-9c69a6c03161","pageElements":[{"definition":{"columnViewports":[{"columnViewportDefinition":{"size":12},"id":"landscapeMobile"},{"columnViewportDefinition":{},"id":"portraitMobile"},{"columnViewportDefinition":{},"id":"tablet"}],"size":6},"id":"65d69c65-219d-9176-ce42-cc9d09552cf5","pageElements":[{"definition":{"cssClasses":["general-text"],"customCSS":".[$FRAGMENT_CLASS$] {\nline-height: 1.75;\n}","fragment":{"key":"BASIC_COMPONENT-paragraph"},"fragmentConfig":{},"fragmentFields":[],"fragmentStyle":{"fontFamily":"system-ui, -apple-system, BlinkMacSystemFont, 'Segoe UI', Roboto, Oxygen-Sans, Ubuntu, Cantarell, 'Helvetica Neue', Arial, sans-serif, 'Apple Color Emoji', 'Segoe UI Emoji', 'Segoe UI Symbol'","paddingLeft":"5","paddingRight":"5","paddingTop":"5","textAlign":"right","textColor":"#041515"},"indexed":true},"id":"633bb701-14ba-ab47-bd80-89f3c3e71409","type":"Fragment"}],"type":"Column"},{"definition":{"columnViewports":[{"columnViewportDefinition":{"size":12},"id":"landscapeMobile"},{"columnViewportDefinition":{},"id":"portraitMobile"},{"columnViewportDefinition":{},"id":"tablet"}],"size":6},"id":"c01b29ed-b380-26ea-8526-a49f82d95350","pageElements":[{"definition":{"fragment":{"key":"BASIC_COMPONENT-image"},"fragmentConfig":{"imageSize":"w-100"},"fragmentFields":[],"fragmentStyle":{"maxHeight":"360px"},"indexed":true},"id":"a8595366-23c7-7074-7408-7d84a7a6bdba","type":"Fragment"}],"type":"Column"}],"type":"Row"}],"type":"Section"},{"definition":{"fragmentStyle":{"backgroundColor":"#65B0B0","marginBottom":"3","marginTop":"3"},"indexed":true,"layout":{"marginBottom":1,"marginTop":1},"name":"Row 2"},"id":"e651c738-dd60-35fe-3a7a-4a452c9e0ad8","pageElements":[{"definition":{"fragmentStyle":{"backgroundColor":"#65B0B0","marginLeft":"9","marginRight":"9","textColor":"colorBrandPrimaryLighten6"},"gutters":true,"indexed":true,"modulesPerRow":3,"numberOfColumns":3,"reverseOrder":false,"rowViewports":[{"id":"landscapeMobile","rowViewportDefinition":{"modulesPerRow":1}},{"id":"portraitMobile","rowViewportDefinition":{}},{"id":"tablet","rowViewportDefinition":{}}],"verticalAlignment":"middle"},"id":"51133fec-d51d-3567-889e-161b27a2f6ae","pageElements":[{"definition":{"columnViewports":[{"columnViewportDefinition":{"size":12},"id":"landscapeMobile"},{"columnViewportDefinition":{},"id":"portraitMobile"},{"columnViewportDefinition":{},"id":"tablet"}],"size":4},"id":"85c613e2-277a-873b-4689-84b8d67cffb1","pageElements":[{"definition":{"fragment":{"key":"BASIC_COMPONENT-image"},"fragmentConfig":{"imageSize":"w-100"},"fragmentFields":[],"indexed":true},"id":"c83bfd66-beb5-b1b8-e8d4-a25d859a6614","type":"Fragment"}],"type":"Column"},{"definition":{"columnViewports":[{"columnViewportDefinition":{"size":12},"id":"landscapeMobile"},{"columnViewportDefinition":{},"id":"portraitMobile"},{"columnViewportDefinition":{},"id":"tablet"}],"size":4},"id":"db3d20a6-04dd-e68c-9b60-d0c541b05d3f","pageElements":[{"definition":{"fragment":{"key":"BASIC_COMPONENT-separator"},"fragmentConfig":{"separatorColor":"","bottomSpacing":"1"},"fragmentFields":[],"fragmentStyle":{"backgroundColor":"#1D8C8C","borderColor":"#0DA16D30","borderRadius":"20px","marginLeft":"6","marginRight":"6"},"indexed":true},"id":"6bbd91e4-a0dc-7b2c-2e12-fbaf6f9df8f7","type":"Fragment"},{"definition":{"cssClasses":["detail-text"],"customCSS":".[$FRAGMENT_CLASS$] {\nline-height: 1.125;\n}","fragment":{"key":"BASIC_COMPONENT-paragraph"},"fragmentConfig":{},"fragmentFields":[],"fragmentStyle":{"paddingBottom":"3","paddingLeft":"4","paddingRight":"4","paddingTop":"3","textAlign":"center","textColor":"#F4F9F9"},"indexed":true},"id":"e8f36a1a-34e8-5d17-2daf-a29acd794ab9","type":"Fragment"},{"definition":{"fragment":{"key":"BASIC_COMPONENT-separator"},"fragmentConfig":{"separatorColor":"","bottomSpacing":"1"},"fragmentFields":[],"fragmentStyle":{"backgroundColor":"#1D8C8C","borderColor":"#0DA16D30","borderRadius":"20px","marginLeft":"6","marginRight":"6"},"indexed":true},"id":"88d12b29-d876-d75c-617c-fdf68dcef693","type":"Fragment"}],"type":"Column"},{"definition":{"columnViewports":[{"columnViewportDefinition":{"size":12},"id":"landscapeMobile"},{"columnViewportDefinition":{},"id":"portraitMobile"},{"columnViewportDefinition":{},"id":"tablet"}],"size":4},"id":"a24eea4a-8249-1793-1205-5e8dffce22e7","pageElements":[{"definition":{"fragment":{"key":"BASIC_COMPONENT-image"},"fragmentConfig":{"imageSize":"w-100"},"fragmentFields":[],"indexed":true},"id":"c1263891-c7be-7654-9aee-49f3a42a4318","type":"Fragment"}],"type":"Column"}],"type":"Row"}],"type":"Section"},{"definition":{"indexed":true,"layout":{},"name":"Row 3"},"id":"54949d0b-6075-2f4e-dd9f-76f183c9108d","pageElements":[{"definition":{"fragmentStyle":{"marginLeft":"9","marginRight":"9"},"gutters":true,"indexed":true,"modulesPerRow":2,"numberOfColumns":2,"reverseOrder":false,"rowViewports":[{"id":"landscapeMobile","rowViewportDefinition":{"modulesPerRow":1}},{"id":"portraitMobile","rowViewportDefinition":{}},{"id":"tablet","rowViewportDefinition":{}}],"verticalAlignment":"middle"},"id":"604201f4-75f5-dfaa-8bd4-309c797704b3","pageElements":[{"definition":{"columnViewports":[{"columnViewportDefinition":{"size":12},"id":"landscapeMobile"},{"columnViewportDefinition":{},"id":"portraitMobile"},{"columnViewportDefinition":{},"id":"tablet"}],"size":6},"id":"abeedf66-b9f3-1062-bd85-5bc4ab754ea3","pageElements":[{"definition":{"fragment":{"key":"BASIC_COMPONENT-image"},"fragmentConfig":{"imageSize":"w-100"},"fragmentFields":[],"indexed":true},"id":"1efd731f-7953-39d1-85ec-2069e88fc806","type":"Fragment"}],"type":"Column"},{"definition":{"columnViewports":[{"columnViewportDefinition":{"size":12},"id":"landscapeMobile"},{"columnViewportDefinition":{},"id":"portraitMobile"},{"columnViewportDefinition":{},"id":"tablet"}],"size":6},"id":"705a7a9e-4348-e89b-368e-f397d2e84ba6","pageElements":[{"definition":{"cssClasses":["general-text"],"customCSS":".[$FRAGMENT_CLASS$] {\nline-height: 1.75;\n}","fragment":{"key":"BASIC_COMPONENT-paragraph"},"fragmentConfig":{},"fragmentFields":[],"fragmentStyle":{"paddingLeft":"5","paddingRight":"5","textColor":"#041515"},"indexed":true},"id":"dd5c61a9-4ec6-70e2-a2c7-5994487f1f1a","type":"Fragment"}],"type":"Column"}],"type":"Row"}],"type":"Section"},{"definition":{"fragmentStyle":{"backgroundColor":"#419E9E","marginBottom":"3","marginTop":"3"},"indexed":true,"layout":{"marginBottom":1,"marginTop":1},"name":"Row 4"},"id":"36ab229f-771a-c7f6-ff1d-cb55ab4aa863","pageElements":[{"definition":{"fragment":{"key":"BASIC_COMPONENT-paragraph"},"fragmentConfig":{},"fragmentFields":[],"fragmentStyle":{"backgroundColor":"#419E9E","fontFamily":"Roboto, Oxygen-Sans, Ubuntu, Cantarell, 'Helvetica Neue', Arial, sans-serif, 'Apple Color Emoji', 'Segoe UI Emoji', 'Segoe UI Symbol'","fontSize":"1.75rem","marginLeft":"9","marginRight":"9","paddingBottom":"5","paddingTop":"5","textAlign":"center","textColor":"#F4F9F9"},"indexed":true},"id":"05516861-7d2a-9b44-a4c3-9988b0a7c544","type":"Fragment"}],"type":"Section"},{"definition":{"fragmentStyle":{"textColor":"#135C5C"},"indexed":true,"layout":{},"name":"Cards"},"id":"77954980-d5b9-541f-28ad-1d0a5d638a91","pageElements":[{"definition":{"fragmentStyle":{"marginLeft":"9","marginRight":"9"},"gutters":true,"indexed":true,"modulesPerRow":3,"numberOfColumns":3,"reverseOrder":false,"rowViewports":[{"id":"landscapeMobile","rowViewportDefinition":{"modulesPerRow":1}},{"id":"portraitMobile","rowViewportDefinition":{}},{"id":"tablet","rowViewportDefinition":{}}],"verticalAlignment":"bottom"},"id":"55b67dfa-3408-a365-802c-720dbb6e042d","pageElements":[{"definition":{"columnViewports":[{"columnViewportDefinition":{"size":12},"id":"landscapeMobile"},{"columnViewportDefinition":{},"id":"portraitMobile"},{"columnViewportDefinition":{},"id":"tablet"}],"size":4},"id":"83895ccd-512a-65fe-1a63-47da0655a936","pageElements":[{"definition":{"customCSS":".[$FRAGMENT_CLASS$] {\n.card a {\ncolor: #135C5C;\n}\n}","fragment":{"key":"BASIC_COMPONENT-card"},"fragmentConfig":{"imageSize":"w-100"},"fragmentFields":[],"fragmentStyle":{"textColor":"#041515"},"indexed":true},"id":"ba064cdf-a8e3-e868-fa5d-caa1b74a3f0d","type":"Fragment"}],"type":"Column"},{"definition":{"columnViewports":[{"columnViewportDefinition":{"size":12},"id":"landscapeMobile"},{"columnViewportDefinition":{},"id":"portraitMobile"},{"columnViewportDefinition":{},"id":"tablet"}],"size":4},"id":"aa6ab738-1503-ffd3-b2b2-d7be6d0bdc96","pageElements":[{"definition":{"customCSS":".[$FRAGMENT_CLASS$] {\n.card a {\ncolor: #135C5C;\n}\n}","fragment":{"key":"BASIC_COMPONENT-card"},"fragmentConfig":{"imageSize":"w-100"},"fragmentFields":[],"fragmentStyle":{"textColor":"#041515"},"indexed":true},"id":"0fe9954b-1597-4c5c-215c-59c658777eca","type":"Fragment"}],"type":"Column"},{"definition":{"columnViewports":[{"columnViewportDefinition":{"size":12},"id":"landscapeMobile"},{"columnViewportDefinition":{},"id":"portraitMobile"},{"columnViewportDefinition":{},"id":"tablet"}],"size":4},"id":"5f4605e0-c2b3-7a09-6873-b7a9118da4e4","pageElements":[{"definition":{"customCSS":".[$FRAGMENT_CLASS$] {\n.card a {\ncolor: #135C5C;\n}\n}","fragment":{"key":"BASIC_COMPONENT-card"},"fragmentConfig":{"imageSize":"w-100"},"fragmentFields":[],"fragmentStyle":{"textColor":"#041515"},"indexed":true},"id":"8342d7ad-30e4-78f4-829b-2b630592221e","type":"Fragment"}],"type":"Column"}],"type":"Row"}],"type":"Section"}],"type":"Section"}