{"definition":{"fragmentStyle":{"marginBottom":"7","marginLeft":"15rem","marginRight":"15rem","marginTop":"6","maxWidth":"800px"},"indexed":true,"layout":{"marginBottom":8,"marginTop":6}},"id":"25c0b89d-56c7-f09c-4f59-7839259a5a5f","pageElements":[{"definition":{"fragment":{"key":"BASIC_COMPONENT-heading"},"fragmentConfig":{"headingLevel":"h1"},"fragmentFields":[],"fragmentStyle":{"textColor":"colorBrandPrimaryDarken4"},"indexed":true},"id":"3339cfc2-cb6e-b924-cf45-5a84b166cf03","type":"Fragment"},{"definition":{"fragment":{"key":"BASIC_COMPONENT-heading"},"fragmentConfig":{"headingLevel":"h3"},"fragmentFields":[],"fragmentStyle":{"paddingTop":"2","textColor":"colorBrandPrimaryDarken2"},"indexed":true},"id":"2c154fab-cf66-a258-2fc3-48c6bca1401e","type":"Fragment"},{"definition":{"fragment":{"key":"BASIC_COMPONENT-heading"},"fragmentConfig":{"headingLevel":"h5"},"fragmentFields":[],"fragmentStyle":{"paddingTop":"2","textColor":"colorBrandPrimary"},"indexed":true},"id":"34d3b2d8-bf28-e58b-a4d8-a8a4440b926a","type":"Fragment"},{"definition":{"fragment":{"key":"BASIC_COMPONENT-paragraph"},"fragmentConfig":{},"fragmentFields":[],"fragmentStyle":{"paddingTop":"5","textColor":"colorBrandPrimaryDarken4"},"indexed":true},"id":"1ed9088f-0731-7063-8d10-ea67e12e94f7","type":"Fragment"},{"definition":{"fragment":{"key":"BASIC_COMPONENT-button"},"fragmentConfig":{"buttonType":"outline-secondary","type":"link","buttonSize":"lg"},"fragmentFields":[],"indexed":true},"id":"5b763207-aa26-b441-8641-02f25cc9dc35","type":"Fragment"}],"type":"Section"}