{"definition":{"fragmentStyle":{"backgroundFragmentImage":{"title":{"value":"footer-background.svg"},"url":{"value":"/documents/d/guest/footer-background-svg?imagePreview=1"}},"borderColor":"#5c2727","marginTop":"3","paddingBottom":"5","paddingTop":"4","textColor":"colorBrandSecondaryLighten1"},"indexed":true,"layout":{"borderColor":"#5c2727","marginTop":1,"paddingBottom":4,"paddingTop":2}},"id":"cb92d94b-73fa-7712-483a-42d01f568b75","pageElements":[{"definition":{"fragmentStyle":{"borderWidth":"0","paddingBottom":"6","paddingLeft":"7","paddingRight":"7","paddingTop":"6"},"indexed":true,"layout":{"paddingBottom":6,"paddingLeft":8,"paddingRight":8,"paddingTop":6}},"id":"9ea006ea-a8ac-7f0c-4fd1-6cd4700f593f","pageElements":[{"definition":{"fragmentStyle":{"marginBottom":"6"},"gutters":true,"indexed":true,"modulesPerRow":5,"numberOfColumns":5,"reverseOrder":false,"rowViewports":[{"id":"landscapeMobile","rowViewportDefinition":{"modulesPerRow":1}},{"id":"portraitMobile","rowViewportDefinition":{}},{"id":"tablet","rowViewportDefinition":{}}],"verticalAlignment":"top"},"id":"432dd485-fde3-947e-37f1-d15f5b4a409f","pageElements":[{"definition":{"columnViewports":[{"columnViewportDefinition":{"size":12},"id":"landscapeMobile"},{"columnViewportDefinition":{},"id":"portraitMobile"},{"columnViewportDefinition":{},"id":"tablet"}],"size":2},"id":"ee44dace-7c87-5cd8-c8e0-ddfeffae4f08","pageElements":[{"definition":{"fragmentStyle":{"borderWidth":"0","height":"64px","marginTop":"3","width":"150px"},"indexed":true,"layout":{"marginTop":1}},"id":"2986743d-931f-0231-ffb3-d3c436ab7990","pageElements":[{"definition":{"fragment":{"key":"BASIC_COMPONENT-image"},"fragmentConfig":{"imageSize":"w-100"},"fragmentFields":[],"indexed":true},"id":"0a28e3c0-65dc-e283-58b4-3e228414ae44","type":"Fragment"}],"type":"Section"}],"type":"Column"},{"definition":{"columnViewports":[{"columnViewportDefinition":{"size":12},"id":"landscapeMobile"},{"columnViewportDefinition":{},"id":"portraitMobile"},{"columnViewportDefinition":{},"id":"tablet"}],"size":2},"id":"9a2bcbcb-0a52-1808-12b6-03acd423bc18","pageElements":[{"definition":{"fragmentStyle":{"borderWidth":"0","paddingTop":"3"},"indexed":true,"layout":{"paddingTop":1}},"id":"d2848c3c-0e3f-20f6-3af3-80640e2cca6d","pageElements":[{"definition":{"fragment":{"key":"DIALECT-dialect-text"},"fragmentConfig":{"textType":"text-small-caps","truncateText":false},"fragmentFields":[],"fragmentStyle":{"fontWeight":"fontWeightBold","paddingLeft":"3","textColor":"colorBrandPrimaryLighten6"},"indexed":true},"id":"acb85a76-8b10-b93b-bf1e-813a37a120e4","type":"Fragment"},{"definition":{"cssClasses":["clarity-vertical-nav"],"widgetInstance":{"widgetConfig":{"displayStyle":"ddmTemplate_NAV-PILLS-STACKED-FTL","displayDepth":"2","siteNavigationMenuName":"Footer Clarity Menu","rootMenuItemType":"absolute","siteNavigationMenuType":"-1","expandedLevels":"auto","rootMenuItemLevel":"0","displayStyleGroupId":"32834"},"widgetName":"com_liferay_site_navigation_menu_web_portlet_SiteNavigationMenuPortlet"}},"id":"dbda06d9-a3d0-e2df-d402-0e6066950ada","type":"Widget"}],"type":"Section"}],"type":"Column"},{"definition":{"columnViewports":[{"columnViewportDefinition":{"size":12},"id":"landscapeMobile"},{"columnViewportDefinition":{},"id":"portraitMobile"},{"columnViewportDefinition":{},"id":"tablet"}],"size":2},"id":"6d927bb3-eb38-7f1c-3ea8-f7bc1837fd3d","pageElements":[{"definition":{"fragmentStyle":{"borderWidth":"0","paddingTop":"3"},"indexed":true,"layout":{"paddingTop":1}},"id":"8b02ca61-d692-82b2-d4cf-afd0c59abcb6","pageElements":[{"definition":{"fragment":{"key":"DIALECT-dialect-text"},"fragmentConfig":{"textType":"text-small-caps","truncateText":false},"fragmentFields":[],"fragmentStyle":{"fontWeight":"fontWeightBold","paddingLeft":"3","textColor":"colorBrandPrimaryLighten6"},"indexed":true},"id":"1ddab015-4ea8-917b-c699-37c1ec32f1d8","type":"Fragment"},{"definition":{"cssClasses":["clarity-vertical-nav"],"widgetInstance":{"widgetConfig":{"displayStyle":"ddmTemplate_NAV-PILLS-STACKED-FTL","displayDepth":"2","siteNavigationMenuName":"Footer Trial Menu","rootMenuItemType":"absolute","siteNavigationMenuType":"-1","expandedLevels":"auto","rootMenuItemLevel":"0","displayStyleGroupId":"32834"},"widgetName":"com_liferay_site_navigation_menu_web_portlet_SiteNavigationMenuPortlet"}},"id":"b0c1ac7f-422b-5f59-d2e6-125d9d9a31da","type":"Widget"}],"type":"Section"}],"type":"Column"},{"definition":{"columnViewports":[{"columnViewportDefinition":{"size":12},"id":"landscapeMobile"},{"columnViewportDefinition":{},"id":"portraitMobile"},{"columnViewportDefinition":{},"id":"tablet"}],"size":3},"id":"0210de42-589c-c365-9769-f66c690dfb2f","pageElements":[{"definition":{"fragmentStyle":{"borderWidth":"0","paddingTop":"3"},"indexed":true,"layout":{"paddingTop":1}},"id":"e970ea34-eda1-54a9-0af7-23c0e4ca2023","pageElements":[{"definition":{"fragment":{"key":"DIALECT-dialect-text"},"fragmentConfig":{"textType":"text-small-caps","truncateText":false},"fragmentFields":[],"fragmentStyle":{"fontWeight":"fontWeightBold","paddingLeft":"3","textColor":"colorBrandPrimaryLighten6"},"indexed":true},"id":"735d3286-f985-ce27-1514-05cf656df379","type":"Fragment"},{"definition":{"cssClasses":["clarity-vertical-nav"],"widgetInstance":{"widgetConfig":{"displayStyle":"ddmTemplate_NAV-PILLS-STACKED-FTL","displayDepth":"2","siteNavigationMenuName":"Footer Liferay Menu","rootMenuItemType":"absolute","siteNavigationMenuType":"-1","expandedLevels":"auto","rootMenuItemLevel":"0","displayStyleGroupId":"32834"},"widgetName":"com_liferay_site_navigation_menu_web_portlet_SiteNavigationMenuPortlet"}},"id":"7bef7f28-dac5-5f78-33ef-0cf316603490","type":"Widget"}],"type":"Section"}],"type":"Column"},{"definition":{"columnViewports":[{"columnViewportDefinition":{"size":12},"id":"landscapeMobile"},{"columnViewportDefinition":{},"id":"portraitMobile"},{"columnViewportDefinition":{},"id":"tablet"}],"size":3},"id":"8fd35dea-da4c-e296-8b95-d405cb6bf50c","pageElements":[{"definition":{"fragmentStyle":{"borderWidth":"0","paddingTop":"3"},"indexed":true,"layout":{"paddingTop":1}},"id":"bd2ab6f7-a5de-da26-2454-68ce6d06dd9b","pageElements":[{"definition":{"fragment":{"key":"DIALECT-dialect-text"},"fragmentConfig":{"textType":"text-small-caps","truncateText":false},"fragmentFields":[],"fragmentStyle":{"fontWeight":"fontWeightBold","paddingLeft":"3","textColor":"colorBrandPrimaryLighten6"},"indexed":true},"id":"c1153860-a99d-8afe-4f6e-acd82253e13e","type":"Fragment"},{"definition":{"fragment":{"key":"DIALECT-dialect-text"},"fragmentConfig":{"textType":"text-paragraph-sm","truncateText":false},"fragmentFields":[],"fragmentStyle":{"marginBottom":"2","marginTop":"2","paddingLeft":"3","textColor":"colorBrandPrimaryLighten5"},"indexed":true},"id":"66e02f9b-6d50-a850-7dfc-bdd37bc9c65a","type":"Fragment"},{"definition":{"fragmentStyle":{"borderWidth":"0","marginTop":"3","paddingBottom":"2","paddingLeft":"3","paddingRight":"2","paddingTop":"2"},"indexed":true,"layout":{"contentDisplay":"FlexRow","marginTop":1,"paddingLeft":1}},"id":"169de7e4-91de-bb35-6a70-13eaedf1bbe9","pageElements":[{"definition":{"fragment":{"key":"DIALECT-dialect-text"},"fragmentConfig":{"textType":"text-link-md","truncateText":false},"fragmentFields":[],"fragmentStyle":{"textColor":"colorBrandPrimaryLighten1"},"indexed":true},"id":"6dda5112-0754-3d24-d3f1-2b2510361e96","type":"Fragment"}],"type":"Section"}],"type":"Section"}],"type":"Column"}],"type":"Row"},{"definition":{"fragmentStyle":{"backgroundColor":"colorBrandPrimaryLighten6","borderWidth":"0","height":"2px","opacity":"20","width":"100%"},"indexed":true,"layout":{"opacity":20}},"id":"6eddaae0-6af7-f5fb-0154-4ceda63a3ef2","type":"Section"},{"definition":{"fragmentStyle":{"marginTop":"4"},"gutters":true,"indexed":true,"modulesPerRow":3,"numberOfColumns":3,"reverseOrder":false,"rowViewports":[{"id":"landscapeMobile","rowViewportDefinition":{"modulesPerRow":1}},{"id":"portraitMobile","rowViewportDefinition":{}},{"id":"tablet","rowViewportDefinition":{}}],"verticalAlignment":"top"},"id":"d9fc5668-81e6-92c4-ebfb-1a5f9e8fa191","pageElements":[{"definition":{"columnViewports":[{"columnViewportDefinition":{"size":12},"id":"landscapeMobile"},{"columnViewportDefinition":{},"id":"portraitMobile"},{"columnViewportDefinition":{},"id":"tablet"}],"size":4},"id":"9505e530-5dad-2c98-eaa5-49eb78f827bc","pageElements":[{"definition":{"fragmentStyle":{"borderWidth":"0","paddingBottom":"1","paddingLeft":"1","paddingTop":"1"},"indexed":true,"layout":{"contentDisplay":"FlexRow","justify":"Center"}},"id":"aa529cb1-b9a6-e593-05de-80930c445919","pageElements":[{"definition":{"fragment":{"key":"DIALECT-dialect-text"},"fragmentConfig":{"textType":"text-link-md","truncateText":false},"fragmentFields":[],"fragmentStyle":{"paddingRight":"4","textColor":"colorBrandPrimaryLighten1"},"indexed":true},"id":"331505ba-9a21-0913-9352-5a9edabb1f15","type":"Fragment"},{"definition":{"fragment":{"key":"DIALECT-dialect-text"},"fragmentConfig":{"textType":"text-link-md","truncateText":false},"fragmentFields":[],"fragmentStyle":{"paddingRight":"4","textColor":"colorBrandPrimaryLighten1"},"indexed":true},"id":"72e121c4-8067-1045-8013-4d58e860aa04","type":"Fragment"},{"definition":{"fragment":{"key":"DIALECT-dialect-text"},"fragmentConfig":{"textType":"text-link-md","truncateText":false},"fragmentFields":[],"fragmentStyle":{"textColor":"colorBrandPrimaryLighten1"},"indexed":true},"id":"608e7a09-7745-db6b-bb72-9ea64fc343ac","type":"Fragment"}],"type":"Section"}],"type":"Column"},{"definition":{"columnViewports":[{"columnViewportDefinition":{"size":12},"id":"landscapeMobile"},{"columnViewportDefinition":{},"id":"portraitMobile"},{"columnViewportDefinition":{},"id":"tablet"}],"size":4},"id":"5cd7dc62-3dc3-cb40-447e-e6cd1dcbdc1c","pageElements":[{"definition":{"fragment":{"key":"BASIC_COMPONENT-paragraph"},"fragmentConfig":{},"fragmentFields":[],"fragmentStyle":{"textColor":"colorBrandPrimaryLighten2"},"indexed":true},"id":"c68ee8a4-57d7-ddd3-ff76-2876183790de","type":"Fragment"}],"type":"Column"},{"definition":{"columnViewports":[{"columnViewportDefinition":{"size":12},"id":"landscapeMobile"},{"columnViewportDefinition":{},"id":"portraitMobile"},{"columnViewportDefinition":{},"id":"tablet"}],"size":4},"id":"06a0d466-35df-15e4-3e95-a8d9a61d6777","type":"Column"}],"type":"Row"}],"type":"Section"}],"type":"Section"}