{
	"definition": {
		"fragmentStyle": {
			"marginTop": "5"
		},
		"indexed": true,
		"layout": {
			"align": "Center",
			"contentDisplay": "FlexColumn",
			"justify": "Center",
			"marginTop": 4
		}
	},
	"id": "3526a51a-4d91-6829-9d3e-9fe8c3ddae7e",
	"pageElements": [
		{
			"definition": {
				"fragment": {
					"key": "BASIC_COMPONENT-heading"
				},
				"fragmentConfig": {
					"headingLevel": "h3"
				},
				"fragmentFields": [
				],
				"fragmentStyle": {
					"marginBottom": "5",
					"textColor": "colorBrandPrimaryDarken3"
				},
				"indexed": true
			},
			"id": "e0dde722-e188-f52c-0897-e12e59ba3833",
			"type": "Fragment"
		},
		{
			"definition": {
				"collectionConfig": {
					"collectionReference": {
						"className": "com.liferay.asset.list.model.AssetListEntry",
						"classPK": 36133
					},
					"collectionType": "Collection"
				},
				"collectionViewports": [
					{
						"collectionViewportDefinition": {
							"numberOfColumns": 1
						},
						"id": "landscapeMobile"
					},
					{
						"collectionViewportDefinition": {
						},
						"id": "portraitMobile"
					},
					{
						"collectionViewportDefinition": {
						},
						"id": "tablet"
					}
				],
				"displayAllItems": false,
				"displayAllPages": true,
				"listItemStyle": "",
				"listStyle": "",
				"numberOfColumns": 1,
				"numberOfItems": 5,
				"numberOfItemsPerPage": 20,
				"numberOfPages": 5,
				"paginationType": "Numeric",
				"showAllItems": false,
				"templateKey": ""
			},
			"id": "8a4d1bf1-98d7-0bc7-2a90-e40041c97114",
			"pageElements": [
				{
					"definition": {
						"collectionItemConfig": {
						}
					},
					"id": "5eebd09d-b1e6-883b-1b23-5d62816db530",
					"pageElements": [
						{
							"definition": {
								"fragmentStyle": {
									"backgroundColor": "colorNeutral0",
									"borderColor": "colorNeutral2",
									"borderRadius": "10px",
									"borderWidth": "1px",
									"marginBottom": "4",
									"maxWidth": "640px",
									"paddingBottom": "3",
									"paddingLeft": "4",
									"paddingRight": "4",
									"paddingTop": "3"
								},
								"indexed": true,
								"layout": {
									"align": "Start",
									"borderColor": "colorNeutral2",
									"contentDisplay": "FlexColumn",
									"justify": "Center",
									"marginBottom": 2,
									"paddingBottom": 1,
									"paddingLeft": 2,
									"paddingRight": 2,
									"paddingTop": 1
								}
							},
							"id": "db3b05b2-45a6-cf42-a6ea-bd9cc7cef65c",
							"pageElements": [
								{
									"definition": {
										"fragment": {
											"key": "DIALECT-dialect-text"
										},
										"fragmentConfig": {
											"textType": "text-paragraph-lg",
											"truncateText": false
										},
										"fragmentFields": [
										],
										"fragmentStyle": {
											"fontWeight": "fontWeightBold",
											"textColor": "colorBrandPrimaryDarken4"
										},
										"indexed": true
									},
									"id": "7493361f-9d05-79b1-fcd2-b04814d6d544",
									"type": "Fragment"
								},
								{
									"definition": {
										"fragment": {
											"key": "DIALECT-dialect-text"
										},
										"fragmentConfig": {
											"textType": "text-paragraph",
											"truncateText": false
										},
										"fragmentFields": [
										],
										"fragmentStyle": {
											"paddingTop": "1",
											"textColor": "colorBrandPrimaryDarken2"
										},
										"indexed": true
									},
									"id": "9abc9d1f-9c41-0658-3070-067165e1db64",
									"type": "Fragment"
								},
								{
									"definition": {
										"fragment": {
											"key": "BASIC_COMPONENT-button"
										},
										"fragmentConfig": {
											"buttonSize": "sm",
											"buttonType": "outline-secondary",
											"type": "link"
										},
										"fragmentFields": [
										],
										"fragmentStyle": {
											"paddingTop": "3"
										},
										"indexed": true
									},
									"id": "7e36594a-696e-1449-c16b-530fb70ccead",
									"type": "Fragment"
								}
							],
							"type": "Section"
						}
					],
					"type": "CollectionItem"
				}
			],
			"type": "Collection"
		}
	],
	"type": "Section"
}